price_per_sqft,location,num_res_price_lv_3,num_res_price_lv_4,Starbucks,Whole Foods,Movie Theater,Equinox
225.0,"(40.761255, -73.9744834)",8,0,10,0,4,2
11114.277571957822,"(40.7663935, -73.9809909)",5,0,8,1,2,1
129.03225806451613,"(40.5418051, -74.1961086)",0,0,0,0,0,0
155.0561797752809,"(40.7613979, -73.9746128)",8,0,10,0,4,2
155.0561797752809,"(40.7613979, -73.9746128)",8,0,10,0,4,2
155.0561797752809,"(40.7613979, -73.9746128)",8,0,10,0,4,2
155.0561797752809,"(40.7613979, -73.9746128)",8,0,10,0,4,2
155.0561797752809,"(40.7613979, -73.9746128)",8,0,10,0,4,2
155.0561797752809,"(40.7613979, -73.9746128)",8,0,10,0,4,2
155.0561797752809,"(40.7613979, -73.9746128)",7,0,10,0,4,2
155.0561797752809,"(40.7613979, -73.9746128)",7,0,10,0,4,2
155.0561797752809,"(40.7613979, -73.9746128)",7,0,10,0,4,2
158.73015873015873,"(40.7613979, -73.9746128)",8,0,10,0,4,2
158.73015873015873,"(40.7613979, -73.9746128)",8,0,10,0,4,2
158.73015873015873,"(40.7613979, -73.9746128)",8,0,10,0,4,2
158.73015873015873,"(40.7613979, -73.9746128)",8,0,10,0,4,2
158.73015873015873,"(40.7613979, -73.9746128)",8,0,10,0,4,2
158.73015873015873,"(40.7613979, -73.9746128)",8,0,10,0,4,2
158.73015873015873,"(40.7613979, -73.9746128)",7,0,10,0,4,2
158.73015873015873,"(40.7613979, -73.9746128)",7,0,10,0,4,2
158.73015873015873,"(40.7613979, -73.9746128)",7,0,10,0,4,2
134.8314606741573,"(40.7613979, -73.9746128)",8,0,10,0,4,2
134.8314606741573,"(40.7613979, -73.9746128)",8,0,10,0,4,2
134.8314606741573,"(40.7613979, -73.9746128)",8,0,10,0,4,2
134.8314606741573,"(40.7613979, -73.9746128)",8,0,10,0,4,2
134.8314606741573,"(40.7613979, -73.9746128)",8,0,10,0,4,2
134.8314606741573,"(40.7613979, -73.9746128)",8,0,10,0,4,2
134.8314606741573,"(40.7613979, -73.9746128)",7,0,10,0,4,2
134.8314606741573,"(40.7613979, -73.9746128)",7,0,10,0,4,2
134.8314606741573,"(40.7613979, -73.9746128)",7,0,10,0,4,2
3880.0705467372136,"(40.7672235, -73.9698561)",6,1,3,0,2,2
172.32767232767233,"(40.6743632, -73.9587248)",0,0,1,0,0,0
411.8197794491777,"(40.809448, -73.946777)",0,0,1,1,2,0
509.09090909090907,"(40.5950017, -74.1064235)",0,0,0,0,0,0
353.3333333333333,"(40.8215857, -73.8740892)",0,0,0,0,0,0
449.89775051124747,"(40.6157378, -73.9696944)",1,0,0,0,0,0
441.1764705882353,"(40.8248699, -73.9229829)",0,0,1,0,2,0
592.9432013769364,"(40.6249962, -74.1553058)",0,0,0,0,0,0
118.57845789587218,"(40.7531191, -73.8818757)",0,0,0,0,0,0
118.57845789587218,"(40.7531191, -73.8818757)",0,0,0,0,0,0
118.57845789587218,"(40.7531191, -73.8818757)",0,0,0,0,0,0
118.57845789587218,"(40.7531191, -73.8818757)",0,0,0,0,0,0
182.67492162337064,"(40.7531191, -73.8818757)",0,0,0,0,0,0
182.67492162337064,"(40.7531191, -73.8818757)",0,0,0,0,0,0
182.67492162337064,"(40.7531191, -73.8818757)",0,0,0,0,0,0
182.67492162337064,"(40.7531191, -73.8818757)",0,0,0,0,0,0
196.8677100201739,"(40.7438639, -73.8745722)",0,0,0,0,0,0
409.75953597222235,"(40.7382981, -74.0058899)",2,0,5,0,0,2
549.0,"(40.5406209, -74.1671632)",0,0,0,0,0,0
562.2837370242214,"(40.7607676, -73.9056672)",0,0,0,0,0,0
612.3076923076923,"(40.6181029, -74.0369047)",1,0,1,0,0,0
500.0,"(40.9073699, -73.9065578)",0,0,0,0,0,0
614.9897330595483,"(40.7324713, -73.8670804)",0,0,4,0,0,0
507.9357142857143,"(40.6207403, -74.1114362)",0,0,0,0,0,0
1045.016077170418,"(40.7202429, -73.8430513)",1,0,2,0,2,0
387.73352132534365,"(40.8343936, -73.8221101)",1,0,0,0,0,0
537.4807987711214,"(40.5902064, -74.0958034)",0,0,0,0,0,0
563.9097744360902,"(40.5039785, -74.2396555)",0,0,0,0,0,0
768.1818181818181,"(40.710749, -73.809486)",0,0,0,0,0,0
148.79536222455002,"(40.7505078, -73.8851355)",0,0,2,0,0,0
396.8253968253968,"(40.602654, -73.9869399)",0,0,0,0,0,0
105.30133326660463,"(40.7557689, -73.8734231)",0,0,0,0,0,0
411.8783269961977,"(40.6155667, -74.0869554)",0,0,0,0,0,0
411.8783269961977,"(40.6155667, -74.0869554)",0,0,0,0,0,0
411.8783269961977,"(40.6155667, -74.0869554)",0,0,0,0,0,0
411.8783269961977,"(40.6155667, -74.0869554)",0,0,0,0,0,0
411.8783269961977,"(40.6155667, -74.0869554)",0,0,0,0,0,0
411.8783269961977,"(40.6155667, -74.0869554)",0,0,0,0,0,0
411.8783269961977,"(40.6155667, -74.0869554)",0,0,0,0,0,0
411.8783269961977,"(40.6155667, -74.0869554)",0,0,0,0,0,0
336.3636363636364,"(40.8242389, -73.8173809)",0,0,0,0,0,0
414.35768261964733,"(40.6210398, -74.1504313)",1,0,0,0,0,0
257.93650793650795,"(40.6274381, -74.1581613)",0,0,0,0,0,0
407.6923076923077,"(40.6615475, -73.898309)",0,0,0,0,0,0
372.0,"(40.6179165, -73.9546305)",1,0,0,0,0,0
877.0764119601329,"(40.6275896, -74.0016198)",0,0,0,0,0,0
125.90376803615771,"(40.7528774, -73.8211834)",0,0,0,0,0,0
1429.4478527607362,"(40.711969, -73.9649468)",0,0,0,0,2,0
364.4376899696049,"(40.5159256, -74.2361135)",0,0,0,0,0,0
229.28267278087128,"(40.852813, -73.9176871)",0,0,0,0,0,0
671.875,"(40.614446, -73.9795824)",0,0,0,0,0,0
520.3252032520326,"(40.688312, -73.856322)",0,0,0,0,0,0
91.52059356519246,"(40.8260352, -73.9256625)",0,0,1,0,2,0
168.93996511033527,"(40.753455, -73.8209077)",0,0,0,0,0,0
439.3463230672533,"(40.6847504, -73.8027331)",0,0,0,0,0,0
1770.8333333333333,"(40.725464, -73.9999212)",2,0,4,0,2,3
377.71130410847314,"(40.768457, -73.789417)",0,0,1,0,0,0
393.0704898446834,"(40.6315346, -74.0856344)",0,0,0,0,0,0
584.8684210526316,"(40.6233188, -74.1259917)",0,0,0,0,0,0
352.07271861747375,"(40.6868333, -73.8309133)",0,0,0,0,0,0
473.18611987381706,"(40.6042861, -74.0012526)",0,0,1,0,0,0
245.0,"(40.6481488, -74.0847983)",1,0,0,0,0,0
729.8284045271997,"(40.6281691, -74.0297598)",0,0,1,0,0,0
2500.0,"(40.7199716, -73.9980266)",3,0,3,0,2,2
1302.2888713496448,"(40.6866098, -73.9997131)",0,0,0,0,1,0
410.72826938136257,"(40.5016233, -74.2417531)",0,0,0,0,0,0
416.1666666666667,"(40.6175, -74.103996)",0,0,0,0,0,0
416.1666666666667,"(40.618648, -74.1019085)",0,0,0,0,0,0
1613.7295081967213,"(40.6754035, -73.9742051)",0,0,1,0,0,0
388.69926931890143,"(40.7802357, -73.9846328)",1,0,2,0,1,2
699.375,"(40.5751942, -73.9669983)",1,0,0,0,0,0
898.2035928143713,"(40.7643711, -73.9593578)",0,0,5,0,0,1
1846.45286686103,"(40.7193408, -73.9856438)",0,0,1,0,1,1
1040.7993338884264,"(40.6400234, -73.9676099)",0,0,0,0,0,0
1180.2030456852792,"(40.6787789, -73.9643728)",0,0,0,0,0,0
90.65071298603355,"(40.700309, -73.8535466)",0,0,0,0,0,0
442.77714285714285,"(40.5632116, -74.1002521)",0,0,0,0,0,0
393.9153439153439,"(40.5395319, -74.1450877)",0,0,0,0,0,0
4276.315789473684,"(40.7765613, -73.9633167)",5,0,2,0,0,0
1128.8039631988677,"(40.6915139, -73.935444)",0,0,0,0,0,0
1128.8039631988677,"(40.6915139, -73.935444)",0,0,0,0,0,0
1128.8039631988677,"(40.6915139, -73.935444)",0,0,0,0,0,0
1128.8039631988677,"(40.6915139, -73.935444)",0,0,0,0,0,0
1053.8116591928251,"(40.6915139, -73.935444)",0,0,0,0,0,0
1053.8116591928251,"(40.6915139, -73.935444)",0,0,0,0,0,0
1053.8116591928251,"(40.6915139, -73.935444)",0,0,0,0,0,0
1053.8116591928251,"(40.6915139, -73.935444)",0,0,0,0,0,0
815.6911581569116,"(40.6967268, -73.9074036)",0,0,1,0,0,0
1225.531914893617,"(40.7832094, -73.7967588)",0,0,0,0,0,0
371.16279069767444,"(40.5874844, -74.0701056)",0,0,0,0,0,0
771.4467241488209,"(40.7083434, -73.9081614)",0,0,0,0,0,0
6901.157613535173,"(40.764953, -73.977568)",5,2,6,0,2,0
1167.471303608008,"(40.5785288, -73.9655666)",1,0,1,0,0,0
54.4819941683737,"(40.8841699, -73.8388387)",0,0,0,0,0,0
123.15677673355063,"(40.6534433, -73.741373)",0,0,0,0,0,0
1549.2957746478874,"(40.7833546, -73.9499982)",2,0,2,1,0,1
1549.2957746478874,"(40.7833546, -73.9499982)",2,0,2,1,0,1
1549.2957746478874,"(40.7833546, -73.9499982)",2,0,2,1,0,1
1549.2957746478874,"(40.7833546, -73.9499982)",2,0,2,1,0,1
1549.2957746478874,"(40.7833546, -73.9499982)",2,0,2,1,0,1
1549.2957746478874,"(40.7833546, -73.9499982)",2,0,2,1,0,1
1549.2957746478874,"(40.7833546, -73.9499982)",2,0,2,1,0,1
1549.2957746478874,"(40.7833546, -73.9499982)",2,0,2,1,0,1
3872.6076555023924,"(40.7363219, -74.0018035)",4,1,4,0,1,2
2586.5946918578497,"(40.736608, -73.9822819)",5,2,4,0,0,0
114.45797094196156,"(40.66911, -73.789339)",0,0,0,0,0,0
280.73286052009456,"(40.6499031, -73.7354706)",0,0,0,0,0,0
531.8181818181819,"(40.5784263, -74.105437)",2,0,0,0,0,0
4006.0289829686544,"(40.6282935, -74.0379695)",1,0,0,0,0,0
4006.0289829686544,"(40.6282935, -74.0379695)",1,0,0,0,0,0
4006.0289829686544,"(40.6282935, -74.0379695)",1,0,0,0,0,0
4006.0289829686544,"(40.6282935, -74.0379695)",1,0,0,0,0,0
1458.3333333333333,"(40.6282935, -74.0379695)",1,0,0,0,0,0
1458.3333333333333,"(40.6282935, -74.0379695)",1,0,0,0,0,0
1458.3333333333333,"(40.6282935, -74.0379695)",1,0,0,0,0,0
1458.3333333333333,"(40.6282935, -74.0379695)",1,0,0,0,0,0
452.1276595744681,"(40.6239146, -73.9291226)",0,0,0,0,0,0
344.0,"(40.7267732, -74.002538)",2,0,3,0,3,0
1529.790660225443,"(40.7986579, -73.9679035)",0,0,1,0,1,0
1529.790660225443,"(40.7986579, -73.9679035)",0,0,1,0,1,0
1529.790660225443,"(40.7986579, -73.9679035)",0,0,1,0,1,0
1529.790660225443,"(40.7986579, -73.9679035)",0,0,1,0,1,0
1529.790660225443,"(40.7986579, -73.9679035)",0,0,1,0,1,0
1529.790660225443,"(40.7986579, -73.9679035)",0,0,1,0,1,0
1529.790660225443,"(40.7986579, -73.9679035)",0,0,1,0,1,0
1529.790660225443,"(40.7986579, -73.9679035)",0,0,1,0,1,0
1529.790660225443,"(40.7986579, -73.9679035)",0,0,1,0,1,0
1628.5714285714287,"(40.7986579, -73.9679035)",0,0,1,0,1,0
1628.5714285714287,"(40.7986579, -73.9679035)",0,0,1,0,1,0
1628.5714285714287,"(40.7986579, -73.9679035)",0,0,1,0,1,0
1628.5714285714287,"(40.7986579, -73.9679035)",0,0,1,0,1,0
1628.5714285714287,"(40.7986579, -73.9679035)",0,0,1,0,1,0
1628.5714285714287,"(40.7986579, -73.9679035)",0,0,1,0,1,0
1628.5714285714287,"(40.7986579, -73.9679035)",0,0,1,0,1,0
1628.5714285714287,"(40.7986579, -73.9679035)",0,0,1,0,1,0
1628.5714285714287,"(40.7986579, -73.9679035)",0,0,1,0,1,0
1537.1024734982332,"(40.7986579, -73.9679035)",0,0,1,0,1,0
1537.1024734982332,"(40.7986579, -73.9679035)",0,0,1,0,1,0
1537.1024734982332,"(40.7986579, -73.9679035)",0,0,1,0,1,0
1537.1024734982332,"(40.7986579, -73.9679035)",0,0,1,0,1,0
1537.1024734982332,"(40.7986579, -73.9679035)",0,0,1,0,1,0
1537.1024734982332,"(40.7986579, -73.9679035)",0,0,1,0,1,0
1537.1024734982332,"(40.7986579, -73.9679035)",0,0,1,0,1,0
1537.1024734982332,"(40.7986579, -73.9679035)",0,0,1,0,1,0
1537.1024734982332,"(40.7986579, -73.9679035)",0,0,1,0,1,0
199.74554707379136,"(40.6362368, -73.939679)",0,0,0,0,0,0
395.0,"(40.7700395, -73.9638872)",3,0,2,0,0,0
274.69913026070776,"(40.8429545, -73.8249591)",0,0,0,0,0,0
313.4920634920635,"(40.6105856, -74.1268175)",0,0,0,0,0,0
490.0,"(40.6170731, -74.0383836)",1,0,0,0,0,0
649.1228070175439,"(40.8809873, -73.9224337)",0,0,0,0,0,0
112.16881152312233,"(40.8690109, -73.8564445)",0,0,0,0,0,0
167.71488469601678,"(40.8969146, -73.8654984)",0,0,0,0,0,0
4583.333333333333,"(40.782238, -73.9846322)",2,0,1,0,1,2
280.0,"(40.6241766, -74.0216837)",0,0,1,0,0,0
624.3055555555555,"(40.5159004, -74.2314825)",0,0,0,0,0,0
297.1328925653322,"(40.6813429, -73.9981509)",0,0,0,0,0,0
338.33776210443835,"(40.5877991, -73.9216187)",0,0,0,0,0,0
498.3333333333333,"(40.5247627, -74.1681035)",0,0,0,0,0,0
1119.6145124716554,"(40.6680619, -73.9748375)",0,0,1,0,0,0
331.97139938712974,"(40.7897507, -73.9487257)",0,0,1,0,0,1
137.3491072984701,"(40.7810583, -73.9808407)",1,0,4,0,2,2
570.9745762711865,"(40.8235127, -73.9467514)",0,0,2,0,0,0
1212.733703890854,"(40.6178184, -74.0151165)",0,0,0,0,0,0
510.29411764705884,"(40.5423126, -74.1555672)",0,0,0,0,0,0
242.05481377371748,"(40.8726182, -73.8651768)",0,0,0,0,0,0
202.02020202020202,"(40.665357, -73.8770867)",0,0,0,0,0,0
202.02020202020202,"(40.665357, -73.8770867)",0,0,0,0,0,0
202.02020202020202,"(40.665357, -73.8770867)",0,0,0,0,0,0
202.02020202020202,"(40.665357, -73.8770867)",0,0,0,0,0,0
202.02020202020202,"(40.665357, -73.8770867)",0,0,0,0,0,0
202.02020202020202,"(40.665357, -73.8770867)",0,0,0,0,0,0
202.02020202020202,"(40.665357, -73.8770867)",0,0,0,0,0,0
202.02020202020202,"(40.665357, -73.8770867)",0,0,0,0,0,0
158.4098317836748,"(40.6837891, -73.8381042)",0,0,0,0,0,0
158.4098317836748,"(40.6837891, -73.8381042)",0,0,0,0,0,0
158.4098317836748,"(40.6837891, -73.8381042)",0,0,0,0,0,0
158.4098317836748,"(40.6837891, -73.8381042)",0,0,0,0,0,0
158.4098317836748,"(40.6837891, -73.8381042)",0,0,0,0,0,0
158.4098317836748,"(40.6837891, -73.8381042)",0,0,0,0,0,0
158.4098317836748,"(40.6837891, -73.8381042)",0,0,0,0,0,0
158.4098317836748,"(40.6837891, -73.8381042)",0,0,0,0,0,0
121.32544919847925,"(40.67538, -73.7472571)",0,0,0,0,0,0
260.62091503267976,"(40.5604695, -74.1018925)",0,0,0,0,0,0
11354.230717442586,"(40.772929, -73.9635462)",3,1,1,0,0,0
335.77533577533575,"(40.8307115, -73.9424229)",0,0,0,0,0,0
141.4700520842645,"(40.5980695, -73.7632649)",0,0,0,0,0,0
427.0696452036794,"(40.723245, -73.7293286)",0,1,0,0,0,0
404.55696202531647,"(40.5387812, -74.193378)",0,0,0,0,0,0
237.83287419651057,"(40.8246371, -73.8072061)",0,0,0,0,0,0
441.9378698224852,"(40.5143019, -74.2044734)",0,0,0,0,0,0
3182.396799418076,"(40.7143354, -74.0087443)",4,1,12,1,0,2
195.65217391304347,"(40.6109595, -74.060351)",0,0,0,0,0,0
195.65217391304347,"(40.6109595, -74.060351)",0,0,0,0,0,0
195.65217391304347,"(40.6109595, -74.060351)",0,0,0,0,0,0
195.65217391304347,"(40.6109595, -74.060351)",0,0,0,0,0,0
258.90410958904107,"(40.6109595, -74.060351)",0,0,0,0,0,0
258.90410958904107,"(40.6109595, -74.060351)",0,0,0,0,0,0
258.90410958904107,"(40.6109595, -74.060351)",0,0,0,0,0,0
258.90410958904107,"(40.6109595, -74.060351)",0,0,0,0,0,0
632.5,"(40.7881763, -73.7877051)",0,0,0,0,0,0
125.90376803615771,"(40.6366859, -73.9488175)",0,0,1,0,0,0
792.063492063492,"(40.7702318, -73.9610161)",3,1,3,0,0,1
571.83202282604,"(40.8822913, -73.9137305)",0,0,1,0,0,0
99.85714285714286,"(40.8224987, -73.8111568)",0,0,0,0,0,0
208.78721859114015,"(40.755049, -73.9136386)",0,0,1,0,0,0
467.88770053475935,"(40.824015, -73.9502067)",0,0,1,0,0,0
701.9568489714,"(40.7566899, -73.72075)",0,0,0,0,1,0
549.0693739424704,"(40.7302938, -73.8059248)",0,0,0,0,0,0
283.52272727272725,"(40.8663864, -73.8878945)",1,0,0,0,0,0
335.2490421455939,"(40.8176549, -73.8197053)",0,0,0,0,0,0
778.2101167315175,"(40.7832598, -73.976047)",0,0,3,0,4,2
136.36363636363637,"(40.574451, -74.0929448)",0,0,0,0,0,0
2333.3333333333335,"(40.7616, -73.9761913)",7,1,10,0,2,2
396.8253968253968,"(40.8454501, -73.8209766)",0,0,0,0,0,0
278.70680044593087,"(40.7905714, -73.9753392)",1,0,2,1,1,1
714.2857142857143,"(40.5731273, -74.089182)",0,0,0,0,0,0
503.157240260863,"(40.5595612, -73.9147409)",0,0,0,0,0,0
200.0,"(40.8423705, -73.9234444)",0,0,0,0,0,0
384.12095048122296,"(40.6590909, -73.8451972)",1,0,0,0,0,0
301.7112114030107,"(40.688533, -73.796529)",0,0,0,0,0,0
301.7112114030107,"(40.688533, -73.796529)",0,0,0,0,0,0
301.7112114030107,"(40.688533, -73.796529)",0,0,0,0,0,0
301.7112114030107,"(40.688533, -73.796529)",0,0,0,0,0,0
301.7112114030107,"(40.688533, -73.796529)",0,0,0,0,0,0
301.7112114030107,"(40.688533, -73.796529)",0,0,0,0,0,0
301.7112114030107,"(40.688533, -73.796529)",0,0,0,0,0,0
301.7112114030107,"(40.688533, -73.796529)",0,0,0,0,0,0
183.1322956752547,"(40.5950021, -73.7577376)",0,0,0,0,0,0
114.45797094196156,"(40.5997081, -73.9344974)",0,0,0,0,0,0
289.6613190730838,"(40.6968706, -73.7390395)",0,0,0,0,0,0
332.85714285714283,"(40.5397292, -74.2155251)",0,0,0,0,0,0
634.695652173913,"(40.5302132, -74.1981906)",0,0,1,0,0,0
596.8253968253969,"(40.5805262, -74.0061062)",0,0,0,0,0,0
289.864428663654,"(40.7577991, -73.7159564)",0,0,0,0,1,0
289.864428663654,"(40.7577991, -73.7159564)",0,0,0,0,1,0
289.864428663654,"(40.7577991, -73.7159564)",0,0,0,0,1,0
289.864428663654,"(40.7577991, -73.7159564)",0,0,0,0,1,0
289.864428663654,"(40.7577991, -73.7159564)",0,0,0,0,1,0
289.864428663654,"(40.7577991, -73.7159564)",0,0,0,0,1,0
289.864428663654,"(40.7577991, -73.7159564)",0,0,0,0,1,0
289.864428663654,"(40.7577991, -73.7159564)",0,0,0,0,1,0
289.864428663654,"(40.7577991, -73.7159564)",0,0,0,0,1,0
315.687540348612,"(40.7577991, -73.7159564)",0,0,0,0,1,0
315.687540348612,"(40.7577991, -73.7159564)",0,0,0,0,1,0
315.687540348612,"(40.7577991, -73.7159564)",0,0,0,0,1,0
315.687540348612,"(40.7577991, -73.7159564)",0,0,0,0,1,0
315.687540348612,"(40.7577991, -73.7159564)",0,0,0,0,1,0
315.687540348612,"(40.7577991, -73.7159564)",0,0,0,0,1,0
315.687540348612,"(40.7577991, -73.7159564)",0,0,0,0,1,0
315.687540348612,"(40.7577991, -73.7159564)",0,0,0,0,1,0
315.687540348612,"(40.7577991, -73.7159564)",0,0,0,0,1,0
273.74301675977654,"(40.7577991, -73.7159564)",0,0,0,0,1,0
273.74301675977654,"(40.7577991, -73.7159564)",0,0,0,0,1,0
273.74301675977654,"(40.7577991, -73.7159564)",0,0,0,0,1,0
273.74301675977654,"(40.7577991, -73.7159564)",0,0,0,0,1,0
273.74301675977654,"(40.7577991, -73.7159564)",0,0,0,0,1,0
273.74301675977654,"(40.7577991, -73.7159564)",0,0,0,0,1,0
273.74301675977654,"(40.7577991, -73.7159564)",0,0,0,0,1,0
273.74301675977654,"(40.7577991, -73.7159564)",0,0,0,0,1,0
273.74301675977654,"(40.7577991, -73.7159564)",0,0,0,0,1,0
522.2222222222222,"(40.57372, -73.8577786)",0,0,0,0,0,0
1259.037680361577,"(40.7336687, -74.000518)",2,1,2,0,2,2
455.542724349007,"(40.657686, -73.8489131)",1,0,0,0,0,0
1000.0,"(40.7086444, -74.0161953)",3,1,3,1,0,2
6867.478256517694,"(40.6948972, -73.9925741)",0,0,4,0,0,1
336.0134405376215,"(40.5861193, -74.1075476)",1,0,1,0,0,0
859.7883597883598,"(40.7780417, -73.7739629)",0,0,1,0,1,0
583.3333333333334,"(40.8229141, -73.9460622)",0,0,2,0,0,0
251.80753607231543,"(40.7887084, -73.9700091)",1,0,2,1,0,1
352.07271861747375,"(40.6291962, -74.1518654)",1,0,0,0,0,0
281.25,"(40.610206, -73.91065)",0,0,0,0,0,0
710.016155088853,"(40.5273247, -74.1983282)",0,0,1,0,0,0
420.6962240116687,"(40.760703, -73.880887)",0,0,0,0,1,0
1268.4989429175475,"(40.6674938, -73.9832146)",0,0,2,0,0,0
572.0899470899471,"(40.765022, -73.7422005)",0,0,0,0,0,0
194.57855060133465,"(40.8159966, -73.8881001)",0,0,0,0,0,0
1724.1379310344828,"(40.7679673, -73.8246067)",0,0,0,0,0,0
499.0,"(40.515251, -74.235145)",0,0,0,0,0,0
444.5684523809524,"(40.6296431, -74.1005274)",0,0,1,0,0,0
803.6062378167642,"(40.6164182, -74.0142443)",0,0,0,0,0,0
454.76190476190476,"(40.551184, -74.1840649)",0,0,0,0,0,0
434.4824576956861,"(40.677393, -73.800094)",0,0,0,0,0,0
504.8766494549627,"(40.7668312, -73.7911175)",0,0,1,0,0,0
3779.5312795312793,"(40.7164224, -74.0101197)",6,0,7,1,3,2
572.2898547098077,"(40.7600248, -73.9653546)",1,0,8,1,3,4
504.48374439461884,"(40.5788586, -74.11209)",3,0,0,0,0,0
264.0,"(40.7127599, -73.83433)",0,0,1,0,0,0
1106.8548387096773,"(40.8679701, -73.836565)",0,0,0,0,0,0
824.9151515151515,"(40.6090909, -73.9762651)",0,0,0,0,0,0
330.6031273268801,"(40.8130775, -73.8063357)",0,0,0,0,0,0
282.60869565217394,"(40.7120703, -73.9983258)",0,0,1,0,0,0
663.8557736314932,"(40.7697773, -73.9014478)",0,0,0,0,0,0
6821.695068140909,"(40.7758194, -73.9785263)",3,0,4,0,2,1
753.3333333333334,"(40.686947, -73.9261885)",0,0,0,0,0,0
609.5121951219512,"(40.7107701, -73.8406935)",0,0,0,0,0,0
785.4864433811803,"(40.6965326, -73.9839654)",0,0,4,0,0,0
867.5914197400685,"(40.673976, -73.973535)",0,0,1,0,0,0
552.0833333333334,"(40.6137764, -74.1600305)",0,0,0,0,0,0
451.3881944444444,"(40.5803331, -74.0885167)",0,0,0,0,0,0
774.3055555555555,"(40.5993523, -74.0953882)",0,0,0,0,0,0
969.6969696969697,"(40.6222734, -73.924094)",0,0,0,0,0,0
1087.3507239486348,"(40.7252187, -73.9929764)",0,0,2,1,4,3
358.85167464114835,"(40.6738566, -73.9506085)",0,0,0,1,0,0
665.5290102389079,"(40.574103, -74.0931668)",0,0,0,0,0,0
1030.121738477654,"(40.737308, -74.0046666)",3,0,5,0,0,2
537.0370370370371,"(40.5273093, -74.1753435)",0,0,0,0,0,0
915.4040404040404,"(40.6898164, -73.9062474)",0,0,0,0,0,0
123.15677673355063,"(40.8968048, -73.9087471)",0,0,0,0,0,0
123.15677673355063,"(40.8968048, -73.9087471)",0,0,0,0,0,0
123.15677673355063,"(40.8968048, -73.9087471)",0,0,0,0,0,0
123.15677673355063,"(40.8968048, -73.9087471)",0,0,0,0,0,0
123.15677673355063,"(40.8968048, -73.9087471)",0,0,0,0,0,0
123.15677673355063,"(40.8968048, -73.9087471)",0,0,0,0,0,0
123.15677673355063,"(40.8968048, -73.9087471)",0,0,0,0,0,0
123.15677673355063,"(40.8968048, -73.9087471)",0,0,0,0,0,0
318.19315921865314,"(40.7651716, -73.9678719)",4,2,7,0,4,2
318.19315921865314,"(40.7651716, -73.9678719)",4,2,7,0,4,2
318.19315921865314,"(40.7651716, -73.9678719)",4,2,7,0,4,2
318.19315921865314,"(40.7651716, -73.9678719)",4,2,7,0,4,2
318.19315921865314,"(40.7651716, -73.9678719)",4,2,7,0,4,2
318.19315921865314,"(40.7651716, -73.9678719)",4,2,7,0,4,2
318.19315921865314,"(40.7651716, -73.9678719)",4,2,7,0,4,2
318.19315921865314,"(40.7651716, -73.9678719)",4,2,7,0,4,2
595.1814488982001,"(40.8109146, -73.853921)",0,0,0,0,0,0
595.1814488982001,"(40.8109146, -73.853921)",0,0,0,0,0,0
595.1814488982001,"(40.8109146, -73.853921)",0,0,0,0,0,0
595.1814488982001,"(40.8109146, -73.853921)",0,0,0,0,0,0
595.1814488982001,"(40.8109146, -73.853921)",0,0,0,0,0,0
595.1814488982001,"(40.8109146, -73.853921)",0,0,0,0,0,0
595.1814488982001,"(40.8109146, -73.853921)",0,0,0,0,0,0
595.1814488982001,"(40.8109146, -73.853921)",0,0,0,0,0,0
367.2,"(40.5866482, -73.9845156)",1,0,0,0,0,0
684.5228174603175,"(40.621814, -74.1406264)",1,0,1,0,0,0
302.491103202847,"(40.7381853, -73.8581248)",0,0,0,0,0,0
302.491103202847,"(40.7381853, -73.8581248)",0,0,0,0,0,0
302.491103202847,"(40.7381853, -73.8581248)",0,0,0,0,0,0
302.491103202847,"(40.7381853, -73.8581248)",0,0,0,0,0,0
302.491103202847,"(40.7381853, -73.8581248)",0,0,0,0,0,0
302.491103202847,"(40.7381853, -73.8581248)",0,0,0,0,0,0
302.491103202847,"(40.7381853, -73.8581248)",0,0,0,0,0,0
302.491103202847,"(40.7381853, -73.8581248)",0,0,0,0,0,0
1470.5882352941176,"(40.764989, -73.9655331)",4,1,5,0,4,2
698.1936227459655,"(40.784623, -73.9826586)",1,0,2,0,2,2
425.973287865871,"(40.583514, -73.9738903)",0,0,0,0,0,0
425.973287865871,"(40.583514, -73.9738903)",0,0,0,0,0,0
425.973287865871,"(40.583514, -73.9738903)",0,0,0,0,0,0
425.973287865871,"(40.583514, -73.9738903)",0,0,0,0,0,0
425.973287865871,"(40.583514, -73.9738903)",0,0,0,0,0,0
425.973287865871,"(40.583514, -73.9738903)",0,0,0,0,0,0
425.973287865871,"(40.583514, -73.9738903)",0,0,0,0,0,0
425.973287865871,"(40.583514, -73.9738903)",0,0,0,0,0,0
350.6756756756757,"(40.5939378, -74.1843153)",0,0,0,0,0,0
163.90381438888895,"(40.7855174, -73.7797613)",0,0,0,0,0,0
446.3860866736501,"(40.7455051, -74.0016003)",0,0,2,0,0,1
2509.0221687575186,"(40.747472, -73.9796788)",2,0,9,0,1,1
510.7692307692308,"(40.6351164, -74.0311609)",0,0,0,0,0,0
427.77777777777777,"(40.7839299, -73.77643)",0,0,1,0,0,0
317.7480916030534,"(40.8451067, -73.8601577)",0,0,0,0,0,0
213.92857142857142,"(40.5387352, -74.1423893)",0,0,0,0,0,0
461.0488888888889,"(40.521278, -74.2230351)",0,0,0,0,0,0
452.1950904392765,"(40.5953144, -74.1628286)",0,0,0,0,0,0
498.1210895394167,"(40.7186003, -73.8453488)",1,0,2,0,2,0
780.46875,"(40.8808173, -73.8350832)",0,0,0,0,0,0
544.3108326289872,"(40.7075546, -73.9036964)",0,0,0,0,0,0
378.57142857142856,"(40.7824499, -73.7765099)",0,0,1,0,1,0
340.8284023668639,"(40.5894827, -73.9395372)",0,0,0,0,0,0
571.4257142857143,"(40.7640501, -73.964336)",3,1,7,0,3,3
1107.4074074074074,"(40.7708195, -73.9595235)",3,1,3,0,0,1
925.0,"(40.7699425, -73.9583558)",1,1,4,0,0,1
159.78332743497833,"(40.7050355, -73.8241699)",0,0,0,0,0,0
666.6666666666666,"(40.7573479, -73.9614914)",3,0,3,1,0,2
609.7383720930233,"(40.5905451, -73.9910402)",1,0,0,0,0,0
401.219512195122,"(40.7157399, -73.83672)",0,0,1,0,0,0
244.09448818897638,"(40.8796143, -73.856153)",0,0,0,0,0,0
281.5666085172254,"(40.6610456, -73.9019953)",0,0,0,0,0,0
636.4359586316627,"(40.7917785, -73.9406204)",0,0,0,0,0,0
344.55128205128204,"(40.6123868, -74.1511288)",0,0,0,0,0,0
387.4223602484472,"(40.6166867, -74.1576647)",0,0,0,0,0,0
313.92857142857144,"(40.7047878, -73.8344551)",0,0,0,0,0,0
136.89173324658603,"(40.7123992, -73.8339305)",0,0,1,0,0,0
397.35099337748346,"(40.6050685, -74.0969483)",0,0,0,0,0,0
326.2642740619902,"(40.840459, -73.8542045)",0,0,0,0,1,0
194.57855060133465,"(40.8189893, -73.953108)",0,0,0,0,0,0
81.17647058823529,"(40.8366623, -73.9239586)",0,0,0,0,0,0
1290.4269081500647,"(40.8018548, -73.9672877)",0,0,0,0,0,0
370.96774193548384,"(40.8028416, -73.9670229)",0,0,0,0,0,0
372.8813559322034,"(40.7130136, -73.8230375)",0,0,0,0,0,0
90.65071298603355,"(40.756144, -73.8213672)",0,0,0,0,0,0
684.4586662329301,"(40.7382884, -73.9851838)",6,1,3,0,1,2
772.3577235772358,"(40.7779975, -73.9445342)",0,0,1,0,0,0
91.52059356519246,"(40.6779049, -73.733881)",0,0,0,0,0,0
796.398891966759,"(40.5882505, -74.1087291)",0,0,1,0,0,0
721.0852169343578,"(40.6683947, -73.9762195)",0,0,1,0,0,0
104.84350138283679,"(40.7562792, -73.8758052)",0,0,0,0,0,0
104.84350138283679,"(40.7562792, -73.8758052)",0,0,0,0,0,0
104.84350138283679,"(40.7562792, -73.8758052)",0,0,0,0,0,0
104.84350138283679,"(40.7562792, -73.8758052)",0,0,0,0,0,0
300.0,"(40.7562792, -73.8758052)",0,0,0,0,0,0
300.0,"(40.7562792, -73.8758052)",0,0,0,0,0,0
300.0,"(40.7562792, -73.8758052)",0,0,0,0,0,0
300.0,"(40.7562792, -73.8758052)",0,0,0,0,0,0
1236.1460861731848,"(40.6914843, -73.9676428)",1,0,1,0,0,0
341.88034188034186,"(40.8236857, -73.8611313)",0,0,0,0,0,0
421.42857142857144,"(40.6196386, -73.9707307)",0,0,0,0,0,0
251.80753607231543,"(40.6498755, -73.9375091)",0,0,0,0,0,0
285.0,"(40.8362269, -73.8612346)",0,0,1,0,0,0
410.0,"(40.743059, -73.880983)",0,0,1,0,0,0
635.4706546697705,"(40.774158, -73.7957477)",0,0,0,0,0,0
1373.4956513035386,"(40.6949321, -73.9928542)",0,0,2,0,0,1
1006.7210352345119,"(40.7032697, -73.9088462)",0,0,1,0,0,0
281.38528138528136,"(40.8244358, -73.8633737)",0,0,0,0,0,0
1235.9550561797753,"(40.7598542, -73.9874427)",1,0,12,0,9,1
1235.9550561797753,"(40.7598542, -73.9874427)",1,0,12,0,9,1
1235.9550561797753,"(40.7598542, -73.9874427)",1,0,12,0,9,1
1235.9550561797753,"(40.7598542, -73.9874427)",1,0,12,0,9,1
1235.9550561797753,"(40.7598542, -73.9874427)",1,0,12,0,9,1
1235.9550561797753,"(40.7598542, -73.9874427)",1,0,12,0,9,1
1235.9550561797753,"(40.7598542, -73.9874427)",1,0,12,0,9,1
1235.9550561797753,"(40.7598542, -73.9874427)",1,0,12,0,9,1
654.074074074074,"(40.6820924, -73.9393924)",0,0,0,0,0,0
654.074074074074,"(40.6820924, -73.9393924)",0,0,0,0,0,0
654.074074074074,"(40.6820924, -73.9393924)",0,0,0,0,0,0
654.074074074074,"(40.6820924, -73.9393924)",0,0,0,0,0,0
654.074074074074,"(40.6820924, -73.9393924)",0,0,0,0,0,0
654.074074074074,"(40.6820924, -73.9393924)",0,0,0,0,0,0
654.074074074074,"(40.6820924, -73.9393924)",0,0,0,0,0,0
654.074074074074,"(40.6820924, -73.9393924)",0,0,0,0,0,0
1061.25,"(40.6662599, -73.9870141)",0,0,3,0,0,0
1061.25,"(40.6662599, -73.9870141)",0,0,3,0,0,0
1061.25,"(40.6662599, -73.9870141)",0,0,3,0,0,0
1061.25,"(40.6662599, -73.9870141)",0,0,3,0,0,0
1061.25,"(40.6662599, -73.9870141)",0,0,3,0,0,0
1061.25,"(40.6662599, -73.9870141)",0,0,3,0,0,0
1061.25,"(40.6662599, -73.9870141)",0,0,3,0,0,0
1061.25,"(40.6662599, -73.9870141)",0,0,3,0,0,0
2975.9072444910003,"(40.778004, -73.962547)",4,0,1,0,0,1
1018.1818181818181,"(40.777244, -73.9868738)",1,0,2,0,4,0
1018.1818181818181,"(40.777244, -73.9868738)",1,0,2,0,3,0
1018.1818181818181,"(40.777244, -73.9868738)",1,0,2,0,4,0
1018.1818181818181,"(40.777244, -73.9868738)",1,0,2,0,3,0
754.9647763331784,"(40.777244, -73.9868738)",1,0,2,0,4,0
754.9647763331784,"(40.777244, -73.9868738)",1,0,2,0,3,0
754.9647763331784,"(40.777244, -73.9868738)",1,0,2,0,4,0
754.9647763331784,"(40.777244, -73.9868738)",1,0,2,0,3,0
465.43111111111114,"(40.6339124, -74.0058434)",0,0,0,0,0,0
653.59477124183,"(40.6083914, -74.0100209)",0,0,0,0,0,0
416.2037037037037,"(40.8728082, -73.8469489)",0,0,0,0,0,0
342.3076923076923,"(40.6597134, -73.9195979)",0,0,0,0,0,0
91.10854486980139,"(40.7282899, -73.8472)",0,0,0,0,0,0
373.1329852707947,"(40.751918, -73.9698335)",1,1,4,0,0,1
1281.25,"(40.7712538, -73.950858)",1,0,3,0,0,0
1494.5652173913043,"(40.7645034, -73.9648503)",4,1,6,0,3,3
608.9074460681976,"(40.8539526, -73.9345678)",0,0,1,0,0,0
450.0,"(40.5902653, -73.9455056)",0,0,0,0,0,0
452.7957330463999,"(40.6360957, -73.9018295)",0,0,0,0,0,0
276.7932088285229,"(40.6402659, -74.110402)",0,0,0,0,0,0
761.328125,"(40.5813374, -73.9589282)",0,0,1,0,0,0
353.4072900158479,"(40.5967151, -73.7696424)",0,0,0,0,0,0
412.2776113329455,"(40.6468871, -73.8907758)",0,0,0,0,0,0
670.7237097198947,"(40.7701914, -73.9590118)",2,1,4,0,0,1
817.2727272727273,"(40.7604194, -73.9968086)",2,0,2,0,1,0
817.2727272727273,"(40.7604194, -73.9968086)",2,0,2,0,1,0
817.2727272727273,"(40.7604194, -73.9968086)",2,0,2,0,1,0
817.2727272727273,"(40.7604194, -73.9968086)",2,0,2,0,1,0
795.5752212389381,"(40.7604194, -73.9968086)",2,0,2,0,1,0
795.5752212389381,"(40.7604194, -73.9968086)",2,0,2,0,1,0
795.5752212389381,"(40.7604194, -73.9968086)",2,0,2,0,1,0
795.5752212389381,"(40.7604194, -73.9968086)",2,0,2,0,1,0
1515.1515151515152,"(40.7078844, -74.0140879)",2,1,6,1,1,1
548.9404286376476,"(40.6662035, -73.8525027)",0,0,0,0,0,0
148.79536222455002,"(40.7989043, -73.9604812)",0,0,0,0,1,0
509.3537414965986,"(40.638069, -74.1627747)",0,0,0,0,0,0
563.1332170344508,"(40.700194, -73.8907488)",0,0,0,0,0,0
1808.4359408829926,"(40.7573949, -73.9606545)",3,0,3,0,0,1
214748.3647,"(40.5184841, -74.2244185)",0,0,0,0,0,0
399.0540939994088,"(40.6828535, -73.8769965)",0,0,0,0,0,0
443.8888888888889,"(40.6336127, -73.9276041)",0,0,1,0,0,0
285.5357142857143,"(40.5813757, -74.1131912)",2,0,0,0,0,0
471.83303085299457,"(40.5065922, -74.2393503)",0,0,0,0,0,0
169.3977969941031,"(40.6939582, -73.9943695)",0,0,2,0,0,1
1.476507825151304,"(40.8434062, -73.9407947)",0,0,2,0,0,0
1.476507825151304,"(40.8434062, -73.9407947)",0,0,2,0,0,0
1.476507825151304,"(40.8434062, -73.9407947)",0,0,2,0,0,0
1.476507825151304,"(40.8434062, -73.9407947)",0,0,2,0,0,0
1.1418327181170085,"(40.8434062, -73.9407947)",0,0,2,0,0,0
1.1418327181170085,"(40.8434062, -73.9407947)",0,0,2,0,0,0
1.1418327181170085,"(40.8434062, -73.9407947)",0,0,2,0,0,0
1.1418327181170085,"(40.8434062, -73.9407947)",0,0,2,0,0,0
1670.6285438688708,"(40.7464683, -73.9872992)",0,0,11,1,0,2
370.05163511187607,"(40.5768936, -74.0048793)",0,0,0,0,0,0
346.9387755102041,"(40.611142, -74.0905357)",0,0,0,0,0,0
345.3333333333333,"(40.6491203, -73.9440658)",0,0,0,0,0,0
478.4688995215311,"(40.6471477, -73.9489423)",0,0,0,0,0,0
845.7711442786069,"(40.856444, -73.9377616)",0,0,0,0,0,0
45.32535649301678,"(40.6372545, -73.9002674)",0,0,0,0,0,0
713.3333333333334,"(40.6453011, -73.9723049)",0,0,0,0,0,0
362.93680614859096,"(40.5487767, -74.1629254)",0,0,0,0,0,0
503.61507214463086,"(40.807426, -73.9535703)",0,0,2,0,1,0
634.0533672172808,"(40.7190856, -73.9060914)",0,0,0,0,0,0
686.7478256517693,"(40.634316, -73.9462919)",0,0,2,0,0,0
305.94405594405595,"(40.8920958, -73.8487361)",0,0,0,0,0,0
2054.195804195804,"(40.7449256, -74.0057175)",2,0,0,0,0,1
445.49266247379455,"(40.8979269, -73.8463057)",0,0,0,0,0,0
1779.3594306049822,"(40.7295412, -73.9913066)",0,1,3,0,7,1
549.3982605214155,"(40.7687538, -73.9631311)",4,0,2,0,0,0
3150.4331845628776,"(40.7174584, -74.0038831)",2,1,7,0,3,0
595.1814488982001,"(40.7895034, -73.9769713)",1,0,1,1,1,1
595.1814488982001,"(40.7895034, -73.9769713)",1,0,1,1,1,1
595.1814488982001,"(40.7895034, -73.9769713)",1,0,1,1,1,1
595.1814488982001,"(40.7895034, -73.9769713)",1,0,1,1,1,1
595.1814488982001,"(40.7895034, -73.9769713)",1,0,1,1,1,1
595.1814488982001,"(40.7895034, -73.9769713)",1,0,1,1,1,1
595.1814488982001,"(40.7895034, -73.9769713)",0,0,1,1,1,1
595.1814488982001,"(40.7895034, -73.9769713)",0,0,1,1,1,1
595.1814488982001,"(40.7895034, -73.9769713)",0,0,1,1,1,1
590.515275877793,"(40.7895034, -73.9769713)",1,0,1,1,1,1
590.515275877793,"(40.7895034, -73.9769713)",1,0,1,1,1,1
590.515275877793,"(40.7895034, -73.9769713)",1,0,1,1,1,1
590.515275877793,"(40.7895034, -73.9769713)",1,0,1,1,1,1
590.515275877793,"(40.7895034, -73.9769713)",1,0,1,1,1,1
590.515275877793,"(40.7895034, -73.9769713)",1,0,1,1,1,1
590.515275877793,"(40.7895034, -73.9769713)",0,0,1,1,1,1
590.515275877793,"(40.7895034, -73.9769713)",0,0,1,1,1,1
590.515275877793,"(40.7895034, -73.9769713)",0,0,1,1,1,1
592.4170616113744,"(40.7895034, -73.9769713)",1,0,1,1,1,1
592.4170616113744,"(40.7895034, -73.9769713)",1,0,1,1,1,1
592.4170616113744,"(40.7895034, -73.9769713)",1,0,1,1,1,1
592.4170616113744,"(40.7895034, -73.9769713)",1,0,1,1,1,1
592.4170616113744,"(40.7895034, -73.9769713)",1,0,1,1,1,1
592.4170616113744,"(40.7895034, -73.9769713)",1,0,1,1,1,1
592.4170616113744,"(40.7895034, -73.9769713)",0,0,1,1,1,1
592.4170616113744,"(40.7895034, -73.9769713)",0,0,1,1,1,1
592.4170616113744,"(40.7895034, -73.9769713)",0,0,1,1,1,1
1365.8119658119658,"(40.7804721, -73.9871434)",1,0,1,0,0,0
1356.0,"(40.7488879, -73.9723947)",1,0,4,0,0,1
326.4925373134328,"(40.8270095, -73.8766285)",0,0,0,0,0,0
347.9965156794425,"(40.8333931, -73.8727914)",0,0,0,0,0,0
347.9965156794425,"(40.8333931, -73.8727914)",0,0,0,0,0,0
347.9965156794425,"(40.8333931, -73.8727914)",0,0,0,0,0,0
347.9965156794425,"(40.8333931, -73.8727914)",0,0,0,0,0,0
347.9965156794425,"(40.8333931, -73.8727914)",0,0,0,0,0,0
347.9965156794425,"(40.8333931, -73.8727914)",0,0,0,0,0,0
347.9965156794425,"(40.8333931, -73.8727914)",0,0,0,0,0,0
347.9965156794425,"(40.8333931, -73.8727914)",0,0,0,0,0,0
206.52173913043478,"(40.7128326, -73.7435779)",0,1,0,0,0,0
1864.9253731343283,"(40.6962962, -73.9720502)",0,0,0,0,0,0
552.0833333333334,"(40.8767388, -73.911189)",0,0,2,0,0,0
824.0951016227044,"(40.7708932, -73.9586258)",3,1,3,0,0,1
204.2483660130719,"(40.6505528, -73.8316736)",1,0,0,0,0,0
1999.6666666666667,"(40.7798567, -73.9873973)",1,0,1,0,0,0
415.94022415940225,"(40.7299787, -73.7310756)",0,0,0,0,0,0
476.1224489795918,"(40.6153952, -74.1610855)",0,0,0,0,0,0
1151.0869565217392,"(40.6800067, -73.9982111)",0,0,0,0,0,0
2016.918967052538,"(40.710456, -73.991235)",0,0,0,0,0,0
483.1578947368421,"(40.7607942, -73.8258766)",0,0,2,0,0,0
472.0689655172414,"(40.5239722, -74.2213406)",0,0,0,0,0,0
402.4342258319368,"(40.7294367, -73.7125595)",1,0,1,0,0,0
823.2695139911634,"(40.7945743, -73.9434214)",0,0,0,0,0,0
398.2624617070442,"(40.7019014, -73.8256776)",0,0,0,0,0,0
366.21422984329496,"(40.7138975, -73.8970229)",0,0,0,0,0,0
720.1923076923077,"(40.6165347, -74.1507186)",0,0,0,0,0,0
228.45811000015527,"(40.6886004, -73.7568067)",0,0,0,0,0,0
392.4620874219447,"(40.5409077, -74.1964937)",0,0,0,0,0,0
347.82608695652175,"(40.8131429, -73.808397)",0,0,0,0,0,0
320.48186080560856,"(40.8524948, -73.9151397)",0,0,0,0,0,0
433.93393393393393,"(40.6541622, -73.8846778)",0,0,0,0,0,0
1134.7402597402597,"(40.6826476, -73.9434923)",0,0,0,0,0,0
1134.7402597402597,"(40.6826476, -73.9434923)",0,0,0,0,0,0
1134.7402597402597,"(40.6826476, -73.9434923)",0,0,0,0,0,0
1134.7402597402597,"(40.6826476, -73.9434923)",0,0,0,0,0,0
1134.7402597402597,"(40.6826476, -73.9434923)",0,0,0,0,0,0
1134.7402597402597,"(40.6826476, -73.9434923)",0,0,0,0,0,0
1134.7402597402597,"(40.6826476, -73.9434923)",0,0,0,0,0,0
1134.7402597402597,"(40.6826476, -73.9434923)",0,0,0,0,0,0
1134.7402597402597,"(40.6826476, -73.9434923)",0,0,0,0,0,0
1352.2954091816366,"(40.6826476, -73.9434923)",0,0,0,0,0,0
1352.2954091816366,"(40.6826476, -73.9434923)",0,0,0,0,0,0
1352.2954091816366,"(40.6826476, -73.9434923)",0,0,0,0,0,0
1352.2954091816366,"(40.6826476, -73.9434923)",0,0,0,0,0,0
1352.2954091816366,"(40.6826476, -73.9434923)",0,0,0,0,0,0
1352.2954091816366,"(40.6826476, -73.9434923)",0,0,0,0,0,0
1352.2954091816366,"(40.6826476, -73.9434923)",0,0,0,0,0,0
1352.2954091816366,"(40.6826476, -73.9434923)",0,0,0,0,0,0
1352.2954091816366,"(40.6826476, -73.9434923)",0,0,0,0,0,0
1388.888888888889,"(40.6826476, -73.9434923)",0,0,0,0,0,0
1388.888888888889,"(40.6826476, -73.9434923)",0,0,0,0,0,0
1388.888888888889,"(40.6826476, -73.9434923)",0,0,0,0,0,0
1388.888888888889,"(40.6826476, -73.9434923)",0,0,0,0,0,0
1388.888888888889,"(40.6826476, -73.9434923)",0,0,0,0,0,0
1388.888888888889,"(40.6826476, -73.9434923)",0,0,0,0,0,0
1388.888888888889,"(40.6826476, -73.9434923)",0,0,0,0,0,0
1388.888888888889,"(40.6826476, -73.9434923)",0,0,0,0,0,0
1388.888888888889,"(40.6826476, -73.9434923)",0,0,0,0,0,0
2.655424925853508,"(40.618915, -73.931211)",0,0,0,0,0,0
154.51612903225808,"(40.6268305, -74.1471405)",1,0,0,0,0,0
2206.7976164202164,"(40.7779497, -73.959448)",4,0,4,0,1,2
160.0609756097561,"(40.8560699, -73.8688751)",0,0,1,0,0,0
315.12605042016804,"(40.6162917, -73.929914)",0,0,0,0,0,0
332.9166666666667,"(40.8181836, -73.812739)",0,0,0,0,0,0
139.02271163110805,"(40.7802813, -73.7818912)",0,0,1,0,1,0
503.4965034965035,"(40.6149561, -74.0745548)",0,0,0,0,0,0
274.69913026070776,"(40.6422956, -73.972787)",0,0,0,0,0,0
499.1666666666667,"(40.6279352, -74.0260154)",0,0,1,0,0,0
273.25581395348837,"(40.6192765, -74.09515)",0,0,0,0,0,0
332.2916666666667,"(40.7598591, -73.7290086)",0,0,0,0,0,0
434.9402895794539,"(40.7000145, -73.9010076)",0,0,0,0,0,0
498.52764425220255,"(40.7860789, -73.7928524)",0,0,0,0,0,0
378.7878787878788,"(40.5675492, -74.140764)",0,0,0,0,0,0
297.59072444910004,"(40.6799197, -73.8839962)",0,0,0,0,0,0
807.175,"(40.5525576, -74.1709014)",0,0,0,0,0,0
162.32153846153847,"(40.879078, -73.9175196)",0,0,0,0,0,0
162.32153846153847,"(40.879078, -73.9175196)",0,0,0,0,0,0
162.32153846153847,"(40.879078, -73.9175196)",0,0,0,0,0,0
162.32153846153847,"(40.879078, -73.9175196)",0,0,0,0,0,0
206.88117647058823,"(40.879078, -73.9175196)",0,0,0,0,0,0
206.88117647058823,"(40.879078, -73.9175196)",0,0,0,0,0,0
206.88117647058823,"(40.879078, -73.9175196)",0,0,0,0,0,0
206.88117647058823,"(40.879078, -73.9175196)",0,0,0,0,0,0
455.542724349007,"(40.6862289, -73.9364224)",0,0,0,0,0,0
455.542724349007,"(40.6862289, -73.9364224)",0,0,0,0,0,0
455.542724349007,"(40.6862289, -73.9364224)",0,0,0,0,0,0
455.542724349007,"(40.6862289, -73.9364224)",0,0,0,0,0,0
455.542724349007,"(40.6862289, -73.9364224)",0,0,0,0,0,0
455.542724349007,"(40.6862289, -73.9364224)",0,0,0,0,0,0
455.542724349007,"(40.6862289, -73.9364224)",0,0,0,0,0,0
455.542724349007,"(40.6862289, -73.9364224)",0,0,0,0,0,0
445.02314814814815,"(40.8152029, -73.8154969)",0,0,0,0,0,0
359.99545454545455,"(40.9048823, -73.9051113)",0,0,0,0,0,0
1083.3333333333333,"(40.7585686, -73.9669708)",1,1,5,1,2,2
286.6966743119266,"(40.8549429, -73.7908303)",1,0,0,0,0,0
167.10863757526388,"(40.7083799, -73.8290102)",0,0,0,0,1,0
462.3450617283951,"(40.606691, -74.0724094)",0,0,0,0,0,0
290.72324619258234,"(40.6933533, -73.7503369)",0,0,0,0,0,0
372.5,"(40.7276196, -73.9848906)",0,0,3,0,4,0
624.4318181818181,"(40.6481943, -73.8452374)",1,0,0,0,0,0
1808.4359408829926,"(40.525422, -74.166603)",0,0,0,0,0,0
637.4995833333334,"(40.6780476, -73.8056181)",0,0,0,0,0,0
480.7692307692308,"(40.6333513, -74.1021333)",0,0,2,0,0,0
1213.2544919847926,"(40.660323, -73.8455929)",1,0,1,0,0,0
192.28939118249542,"(40.6784764, -73.8476859)",0,0,0,0,0,0
1373.4727597093504,"(40.6444117, -73.9100389)",0,0,0,0,0,0
571.3265306122449,"(40.5132339, -74.1959753)",0,0,0,0,0,0
251.34970418854758,"(40.6776809, -73.8166457)",0,0,0,0,0,0
1051.578947368421,"(40.7644631, -73.8297531)",0,0,1,0,0,0
132.31341440890756,"(40.842629, -73.8665973)",0,0,0,0,0,0
361.6871881765985,"(40.7827104, -73.8457691)",0,0,0,0,0,0
631.8832599118942,"(40.8180374, -73.9436858)",0,0,0,0,0,0
383.3333333333333,"(40.5343966, -74.1582874)",0,0,0,0,0,0
1550.5207179259917,"(40.6712528, -73.9716506)",0,0,0,0,0,0
2792.774490983862,"(40.6685186, -73.9175924)",0,0,0,0,0,0
160.24115931874618,"(40.6753179, -73.9008593)",0,0,0,0,0,0
206.0243476955308,"(40.89582, -73.9110766)",0,0,0,0,0,0
1373.4951934716548,"(40.7051444, -73.8030054)",0,0,0,0,1,0
1144.5797094196155,"(40.578639, -73.965449)",1,0,1,0,0,0
160.24115931874618,"(40.5844107, -73.9380366)",0,0,0,0,0,0
68.67478256517694,"(40.6171535, -74.0890497)",0,0,0,0,0,0
1648.1947815642463,"(40.6179636, -73.9681702)",1,0,0,0,0,0
68.67478256517694,"(40.6170275, -74.0893192)",0,0,0,0,0,0
167.85714285714286,"(40.7142299, -73.8152)",0,0,0,0,0,0
91.10854486980139,"(40.6511537, -73.8284146)",1,0,0,0,0,0
915.6637675356925,"(40.8492324, -73.8914043)",1,0,0,0,0,0
1007.2301442892617,"(40.7185125, -73.834819)",0,0,0,0,0,0
297.59072444910004,"(40.759972, -73.9173868)",0,0,1,0,0,0
68.21695068140909,"(40.5742632, -74.086609)",0,0,0,0,0,0
107.5,"(40.6694978, -73.8897534)",0,0,0,0,0,0
366.2650491823932,"(40.6789582, -73.9203193)",0,0,0,0,0,0
136.89173324658603,"(40.593404, -73.775651)",0,0,0,0,0,0
121.32544919847925,"(40.6743408, -73.9056237)",0,0,0,0,0,0
363.97634759543774,"(40.8457524, -73.9059682)",0,0,0,0,0,0
570.0006952909686,"(40.902657, -73.901871)",0,0,0,0,0,0
251.34970418854758,"(40.699454, -73.924234)",0,0,0,0,0,0
2595.2216066481997,"(40.7833319, -73.9815796)",2,0,2,0,1,2
698.5294117647059,"(40.7639241, -73.9190583)",0,0,1,0,0,0
287.81793842034807,"(40.8233271, -73.8110122)",0,0,0,0,0,0
136.89173324658603,"(40.6415965, -73.9105958)",0,0,0,0,0,0
249.09420289855072,"(40.8409818, -73.8292936)",0,0,0,0,0,0
427.6190476190476,"(40.5586967, -74.1351001)",0,0,0,0,0,0
305.55555555555554,"(40.8554764, -73.8287193)",0,0,0,0,0,0
356.12366230677765,"(40.6747343, -73.8239749)",0,0,0,0,0,0
431.1047619047619,"(40.6012318, -74.1300175)",0,0,0,0,0,0
438.5964912280702,"(40.608799, -73.9128174)",0,0,0,0,0,0
502.74725274725273,"(40.6221107, -74.1499982)",1,0,0,0,0,0
424.5,"(40.5528489, -74.1699382)",0,0,0,0,0,0
309.0365215432962,"(40.6428139, -73.9451438)",0,0,0,0,0,0
195.78313253012047,"(40.6330671, -74.1659477)",0,0,0,0,0,0
347.95177383167936,"(40.7083753, -73.787158)",0,0,0,0,0,0
500.0,"(40.546573, -74.213449)",0,0,0,0,0,0
457.0857142857143,"(40.5956263, -73.933927)",0,0,0,0,0,0
135.06040571151465,"(40.6633466, -73.8542803)",0,0,0,0,0,0
157.4257425742574,"(40.8762047, -73.8603621)",0,0,0,0,0,0
873.6888111888112,"(40.784332, -73.8045713)",0,0,0,0,0,0
254.978354978355,"(40.6426635, -74.1108512)",0,0,0,0,0,0
387.05882352941177,"(40.6316141, -74.0858954)",0,0,0,0,0,0
424.77405635300374,"(40.6402886, -73.9463493)",0,0,0,0,0,0
751.8987341772151,"(40.6198659, -74.0087151)",0,0,0,0,0,0
520.7142857142857,"(40.846624, -73.8520911)",0,0,0,0,0,0
411.30434782608694,"(40.6142391, -74.0884134)",0,0,0,0,0,0
399.3333333333333,"(40.8972473, -73.868898)",0,0,0,0,0,0
434.9402895794539,"(40.7608129, -73.8669195)",0,0,0,0,0,0
5036.150721446308,"(40.5704687, -73.8558742)",0,0,0,0,0,0
159.32549555121048,"(40.575138, -74.090531)",0,0,0,0,0,0
1787.037037037037,"(40.6903851, -73.9825343)",0,0,5,0,2,0
1787.037037037037,"(40.6903851, -73.9825343)",0,0,5,0,2,0
1787.037037037037,"(40.6903851, -73.9825343)",0,0,5,0,2,0
1787.037037037037,"(40.6903851, -73.9825343)",0,0,5,0,2,0
1836.6093366093367,"(40.6903851, -73.9825343)",0,0,5,0,2,0
1836.6093366093367,"(40.6903851, -73.9825343)",0,0,5,0,2,0
1836.6093366093367,"(40.6903851, -73.9825343)",0,0,5,0,2,0
1836.6093366093367,"(40.6903851, -73.9825343)",0,0,5,0,2,0
480.2631578947368,"(40.5505648, -74.1599018)",0,0,0,0,0,0
1847.8260869565217,"(40.7241501, -74.0080814)",6,0,1,0,1,0
6180.730430865924,"(40.7323524, -73.9993358)",2,1,3,0,3,0
61.875,"(40.8432844, -73.7846028)",0,0,0,0,1,0
203.90070921985816,"(40.641648, -73.9064568)",0,0,0,0,0,0
377.71130410847314,"(40.6739463, -73.885344)",0,0,0,0,0,0
773.7421383647799,"(40.7120962, -73.8518076)",0,0,0,0,1,0
595.2373511904761,"(40.6099147, -73.9287144)",0,0,0,0,0,0
118.80737383775609,"(40.7121373, -73.8277084)",0,0,1,0,1,0
264.2276422764228,"(40.6411388, -73.9478417)",0,0,0,0,0,0
576.1538461538462,"(40.7874921, -73.7858086)",0,0,0,0,0,0
401.5151515151515,"(40.5849224, -74.0968781)",0,0,0,0,0,0
638.8888888888889,"(40.5809134, -73.8302012)",0,0,0,0,0,0
389.44954128440367,"(40.8528127, -73.8312235)",0,0,0,0,0,0
720.7578253706755,"(40.7565472, -73.7339718)",0,0,0,0,0,0
441.17573529411766,"(40.613911, -74.133028)",0,0,1,0,0,0
526.5066663330232,"(40.6542535, -73.8350556)",1,0,0,0,0,0
309.375,"(40.5929709, -74.0937822)",0,0,0,0,0,0
219.6590909090909,"(40.6422293, -74.0830445)",1,0,0,0,0,0
530.7377049180328,"(40.78403, -73.80579)",0,0,0,0,0,0
181.6860465116279,"(40.6212165, -73.9324344)",0,0,1,0,0,0
638.6754778561454,"(40.9007702, -73.9110778)",0,0,0,0,0,0
941.1764705882352,"(40.7179519, -73.8427778)",1,0,1,0,2,0
766.8684053111424,"(40.7169141, -73.7831551)",0,0,0,0,0,0
543.4782608695652,"(40.7188985, -73.8587988)",0,0,0,0,0,0
205.79543175364688,"(40.7278952, -73.9998294)",3,0,4,0,3,2
369.776,"(40.7343409, -73.859014)",0,0,1,0,0,0
798.0,"(40.8374911, -73.9456039)",0,0,1,0,0,0
193.87755102040816,"(40.8915963, -73.8989828)",1,0,1,0,0,0
254.54545454545453,"(40.8409736, -73.8456248)",0,0,0,0,0,0
286.14492735490387,"(40.6765364, -73.8351774)",0,0,1,0,0,0
125.90376803615771,"(40.7772579, -73.9476695)",1,0,2,0,0,0
451.34211810639334,"(40.5075446, -74.2461088)",1,0,0,0,0,0
615.530303030303,"(40.7645123, -73.7595302)",0,0,0,0,0,0
434.8776223776224,"(40.5501403, -74.1810379)",0,0,0,0,0,0
4019.4884287454324,"(40.7814599, -73.9806864)",1,0,4,0,2,2
4019.4884287454324,"(40.7814599, -73.9806864)",1,0,4,0,2,2
4019.4884287454324,"(40.7814599, -73.9806864)",1,0,4,0,2,2
4019.4884287454324,"(40.7814599, -73.9806864)",1,0,4,0,2,2
4019.4884287454324,"(40.7814599, -73.9806864)",1,0,4,0,2,2
4019.4884287454324,"(40.7814599, -73.9806864)",1,0,4,0,2,2
4019.4884287454324,"(40.7814599, -73.9806864)",1,0,4,0,2,2
4019.4884287454324,"(40.7814599, -73.9806864)",1,0,4,0,2,2
387.61851645287226,"(40.5763909, -74.1631382)",0,0,1,0,0,0
387.61851645287226,"(40.5763909, -74.1631382)",0,0,1,0,0,0
387.61851645287226,"(40.5763909, -74.1631382)",0,0,1,0,0,0
387.61851645287226,"(40.5763909, -74.1631382)",0,0,1,0,0,0
387.61851645287226,"(40.5763909, -74.1631382)",0,0,1,0,0,0
387.61851645287226,"(40.5763909, -74.1631382)",0,0,1,0,0,0
387.61851645287226,"(40.5763909, -74.1631382)",0,0,1,0,0,0
387.61851645287226,"(40.5763909, -74.1631382)",0,0,1,0,0,0
574.223245109321,"(40.6898026, -73.836542)",0,0,0,0,0,0
454.04040404040404,"(40.6275175, -74.1233766)",0,0,0,0,0,0
388.69926931890143,"(40.669692, -73.8003434)",0,0,0,0,0,0
107.59049268544386,"(40.576751, -73.8398387)",0,0,0,0,0,0
183.1322956752547,"(40.5853532, -73.8227113)",0,0,0,0,0,0
305.70252792475014,"(40.6781418, -73.9250576)",0,0,0,0,0,0
222.04846362740543,"(40.6479766, -73.8936697)",0,0,0,0,0,0
195.45454545454547,"(40.622324, -73.9695073)",0,0,0,0,0,0
487.8787878787879,"(40.5294592, -74.1903024)",0,0,0,0,0,0
312.5,"(40.8876529, -73.909649)",0,0,1,0,0,0
258.67501432883313,"(40.6733809, -73.9732475)",0,0,1,0,0,0
388.69926931890143,"(40.6895034, -73.8684501)",0,0,0,0,0,0
91.10854486980139,"(40.7092156, -73.7912209)",0,0,0,0,0,0
611.1111111111111,"(40.8985084, -73.902753)",0,0,0,0,0,0
411.59086350729376,"(40.7646585, -73.780903)",0,0,0,0,0,0
297.4468085106383,"(40.6095856, -73.9253159)",0,0,1,0,0,0
3409.5097677847402,"(40.7474926, -74.0072666)",1,0,0,0,0,1
643.7282229965157,"(40.7386816, -73.7202723)",0,0,0,0,0,0
250.0,"(40.8817944, -73.8617772)",0,0,0,0,0,0
333.3333333333333,"(40.6479387, -74.0852701)",1,0,0,0,0,0
319.6629213483146,"(40.8147819, -73.8265252)",0,0,0,0,0,0
619.7957580518461,"(40.7084501, -73.7316272)",0,0,0,0,0,0
3814.021067925899,"(40.7075029, -74.011653)",2,1,10,1,1,1
424.24242424242425,"(40.711175, -73.957086)",0,0,1,0,1,0
933.93536121673,"(40.7185648, -73.9422548)",0,0,0,0,0,0
572.2898547098077,"(40.6468782, -74.0136737)",0,0,0,0,0,0
662.5437279151944,"(40.6087059, -73.9290715)",0,0,0,0,0,0
681.2538430465552,"(40.624169, -74.010925)",0,0,0,0,0,0
130.48208687383618,"(40.5607533, -73.9207539)",0,0,0,0,0,0
320.0244867537245,"(40.6793322, -73.8130504)",0,0,0,0,0,0
658.7606837606837,"(40.6094348, -73.9777343)",0,0,0,0,0,0
241.58757549611735,"(40.8056419, -73.9229736)",1,0,0,0,0,0
391.7647058823529,"(40.5745179, -74.0068304)",0,0,0,0,0,0
141.4700520842645,"(40.6674344, -73.8479327)",0,0,0,0,0,0
428.24074074074076,"(40.8616602, -73.8421016)",0,0,0,0,0,0
457.37405188407837,"(40.7365353, -73.7913358)",0,0,0,0,1,0
839.1356542617046,"(40.7873388, -73.7794685)",0,0,0,0,0,0
127.50617962934517,"(40.7267837, -73.8587799)",0,0,1,0,0,0
337.87993022067053,"(40.7595774, -73.964779)",2,1,6,1,2,2
333.3333333333333,"(40.6110299, -73.8195062)",0,0,0,0,0,0
251.0204081632653,"(40.5756358, -73.8423199)",0,0,0,0,0,0
375.9259259259259,"(40.8165837, -73.8006996)",0,0,0,0,0,0
593.1142410015649,"(40.7928823, -73.8449212)",0,0,0,0,0,0
385.18518518518516,"(40.55065, -74.193355)",0,0,0,0,0,0
262.4166666666667,"(40.6744942, -73.8883757)",0,0,0,0,0,0
641.0083277065046,"(40.7202893, -73.7786927)",0,0,0,0,0,1
634.4086021505376,"(40.7239521, -73.8747783)",0,0,0,0,0,0
438.0,"(40.7564761, -73.7212008)",0,0,0,0,1,0
438.0,"(40.7564761, -73.7212008)",0,0,0,0,1,0
438.0,"(40.7564761, -73.7212008)",0,0,0,0,1,0
438.0,"(40.7564761, -73.7212008)",0,0,0,0,1,0
393.125,"(40.7564761, -73.7212008)",0,0,0,0,1,0
393.125,"(40.7564761, -73.7212008)",0,0,0,0,1,0
393.125,"(40.7564761, -73.7212008)",0,0,0,0,1,0
393.125,"(40.7564761, -73.7212008)",0,0,0,0,1,0
338.1804043545879,"(40.6085756, -74.1610387)",0,0,0,0,0,0
277.77777777777777,"(40.8938465, -73.9091368)",0,0,0,0,0,0
229.16666666666666,"(40.8485623, -73.8574586)",0,0,0,0,0,0
1950.0,"(40.7489947, -73.9783819)",2,0,9,0,1,2
457.5,"(40.724514, -73.8458441)",1,0,2,0,2,0
392.14285714285717,"(40.6368544, -74.1124571)",0,0,0,0,0,0
625.0,"(40.7157274, -73.8563447)",0,0,0,0,0,0
177.63877090192435,"(40.7162732, -73.9849864)",0,0,0,0,1,0
1138.905836892414,"(40.7375348, -73.9872447)",3,3,5,1,2,2
460.8294930875576,"(40.7189686, -73.8626041)",1,0,0,0,0,0
1788.087934560327,"(40.7732125, -73.9564279)",3,0,5,0,0,1
640.5068053912169,"(40.721725, -73.8839773)",0,0,0,0,0,0
295.55555555555554,"(40.6798316, -73.82277)",0,0,0,0,0,0
841.1111111111111,"(40.6985714, -73.9881911)",0,0,0,0,0,1
457.37405188407837,"(40.7227469, -73.8941061)",0,0,0,0,0,0
263.2533331665116,"(40.7373082, -73.878333)",0,0,2,0,0,0
302.1232600984017,"(40.7855084, -73.7762312)",0,0,0,0,0,0
922.4318658280922,"(40.6621056, -73.9857576)",0,0,0,0,0,0
579.9277419354838,"(40.7282381, -73.7158123)",1,0,1,0,0,0
364.7505106507149,"(40.5395581, -74.2229079)",0,0,0,0,0,0
530.3571428571429,"(40.6085532, -73.998257)",0,0,1,0,0,0
418.26875,"(40.6005525, -74.1314512)",0,0,0,0,0,0
208.57142857142858,"(40.5988908, -73.9334675)",0,0,0,0,0,0
114.1304347826087,"(40.664748, -73.884184)",0,0,0,0,0,0
365.80767513050915,"(40.6672674, -73.8686224)",0,0,0,0,0,0
270.90909090909093,"(40.8363242, -73.8654755)",0,0,1,0,0,0
356.82514285714285,"(40.5646314, -74.1243252)",0,0,0,0,0,0
1125.65445026178,"(40.8061576, -73.9550949)",0,0,1,0,1,0
1078.2442748091603,"(40.6750114, -73.9554645)",0,0,1,0,0,0
2011.1287758346582,"(40.702988, -73.9907803)",1,0,1,0,0,1
251.80753607231543,"(40.7135475, -73.895855)",0,0,0,0,0,0
354.8197099200808,"(40.7313539, -74.0050572)",2,0,2,0,2,1
312.375,"(40.6189484, -74.1071576)",0,0,0,0,0,0
312.375,"(40.6189484, -74.1071576)",0,0,0,0,0,0
312.375,"(40.6189484, -74.1071576)",0,0,0,0,0,0
312.375,"(40.6189484, -74.1071576)",0,0,0,0,0,0
285.17110266159693,"(40.6189484, -74.1071576)",0,0,0,0,0,0
285.17110266159693,"(40.6189484, -74.1071576)",0,0,0,0,0,0
285.17110266159693,"(40.6189484, -74.1071576)",0,0,0,0,0,0
285.17110266159693,"(40.6189484, -74.1071576)",0,0,0,0,0,0
564.2361111111111,"(40.5663057, -74.1529549)",0,0,0,0,0,0
187.71107234481696,"(40.6249201, -74.0404698)",0,0,0,0,0,0
381.94444444444446,"(40.5906586, -73.9818321)",0,0,0,0,0,0
1454.5454545454545,"(40.7448219, -73.9944632)",0,0,9,1,2,1
148.79536222455002,"(40.7280894, -73.8494828)",0,0,1,0,0,0
305.55555555555554,"(40.5735927, -74.1200228)",1,0,0,0,0,0
432.0987654320988,"(40.8844018, -73.9028342)",0,0,1,0,0,0
425.783651904097,"(40.7555333, -73.9016851)",0,0,0,0,0,0
538.3522727272727,"(40.845063, -73.783581)",0,0,0,0,1,0
835.7558139534884,"(40.6149237, -73.9789281)",0,0,0,0,0,0
517.170909090909,"(40.7322223, -73.8588845)",0,0,1,0,0,0
584.7953216374269,"(40.59194, -74.1087406)",0,0,0,0,0,0
352.9019607843137,"(40.5499354, -74.1709931)",0,0,0,0,0,0
666.6658333333334,"(40.7859137, -73.7868778)",0,0,0,0,0,0
137.34956513035388,"(40.6601546, -73.9163716)",0,0,0,0,0,0
242.0916720464816,"(40.5758238, -74.1227343)",1,0,0,0,0,0
560.1998327759197,"(40.5598117, -74.1585168)",0,0,0,0,1,0
479.1666666666667,"(40.6337278, -74.0936101)",0,0,0,0,0,0
136.89173324658603,"(40.5987787, -73.9350489)",0,0,0,0,0,0
381.1111111111111,"(40.6409456, -74.0859933)",0,0,0,0,0,0
2317.0731707317073,"(40.7699341, -73.9675072)",7,0,1,0,0,0
118.57845789587218,"(40.7041499, -73.83371)",0,0,0,0,0,0
118.57845789587218,"(40.7041499, -73.83371)",0,0,0,0,0,0
118.57845789587218,"(40.7041499, -73.83371)",0,0,0,0,0,0
118.57845789587218,"(40.7041499, -73.83371)",0,0,0,0,0,0
118.57845789587218,"(40.7041499, -73.83371)",0,0,0,0,0,0
118.57845789587218,"(40.7041499, -73.83371)",0,0,0,0,0,0
118.57845789587218,"(40.7041499, -73.83371)",0,0,0,0,0,0
118.57845789587218,"(40.7041499, -73.83371)",0,0,0,0,0,0
194.57855060133465,"(40.7226099, -73.8495)",1,0,2,0,0,0
431.8181818181818,"(40.6795412, -73.8904428)",0,0,0,0,0,0
431.8181818181818,"(40.6795412, -73.8904428)",0,0,0,0,0,0
431.8181818181818,"(40.6795412, -73.8904428)",0,0,0,0,0,0
431.8181818181818,"(40.6795412, -73.8904428)",0,0,0,0,0,0
431.8181818181818,"(40.6795412, -73.8904428)",0,0,0,0,0,0
431.8181818181818,"(40.6795412, -73.8904428)",0,0,0,0,0,0
431.8181818181818,"(40.6795412, -73.8904428)",0,0,0,0,0,0
431.8181818181818,"(40.6795412, -73.8904428)",0,0,0,0,0,0
308.3333333333333,"(40.833945, -73.9432359)",0,0,0,0,0,0
714.419627749577,"(40.7773521, -73.7464296)",0,0,0,0,0,0
714.419627749577,"(40.7773521, -73.7464296)",0,0,0,0,0,0
714.419627749577,"(40.7773521, -73.7464296)",0,0,0,0,0,0
714.419627749577,"(40.7773521, -73.7464296)",0,0,0,0,0,0
714.419627749577,"(40.7773521, -73.7464296)",0,0,0,0,0,0
714.419627749577,"(40.7773521, -73.7464296)",0,0,0,0,0,0
714.419627749577,"(40.7773521, -73.7464296)",0,0,0,0,0,0
714.419627749577,"(40.7773521, -73.7464296)",0,0,0,0,0,0
315.446167916046,"(40.8681745, -73.8897652)",1,0,0,0,0,0
191.83155929872757,"(40.7312799, -73.8192399)",0,0,0,0,0,0
548.9404286376476,"(40.5783044, -73.9471644)",0,0,0,0,0,0
984.3385501008694,"(40.5790771, -73.9425262)",0,0,0,0,0,0
407.15579710144925,"(40.5955552, -74.1677939)",0,0,0,0,0,0
309.0365215432962,"(40.7121557, -73.7452804)",0,0,0,0,0,0
400.6028982968654,"(40.748098, -73.9824791)",3,0,6,0,1,1
100.26518254515832,"(40.6999899, -73.8539)",0,0,0,0,0,0
200.0,"(40.8683656, -73.8832093)",1,0,0,0,0,0
215.18098537088773,"(40.8640024, -73.9231918)",0,0,1,0,0,0
241.05263157894737,"(40.8995193, -73.8623678)",0,0,0,0,0,0
241.05263157894737,"(40.8995193, -73.8623678)",0,0,0,0,0,0
241.05263157894737,"(40.8995193, -73.8623678)",0,0,0,0,0,0
241.05263157894737,"(40.8995193, -73.8623678)",0,0,0,0,0,0
172.0,"(40.8995193, -73.8623678)",0,0,0,0,0,0
172.0,"(40.8995193, -73.8623678)",0,0,0,0,0,0
172.0,"(40.8995193, -73.8623678)",0,0,0,0,0,0
172.0,"(40.8995193, -73.8623678)",0,0,0,0,0,0
255.10204081632654,"(40.6115483, -74.0008656)",0,0,0,0,0,0
548.9404286376476,"(40.7090268, -73.8335998)",0,0,0,0,1,0
505.9101654846336,"(40.5784148, -74.0064631)",0,0,0,0,0,0
1000.0,"(40.7557937, -73.9642805)",1,0,3,1,0,1
7611.508601004719,"(40.7266327, -74.0088321)",3,0,2,0,1,1
251.80753607231543,"(40.6628113, -73.8453503)",1,0,1,0,0,0
424.31972789115645,"(40.6265387, -74.1263932)",0,0,0,0,0,0
363.30608537693007,"(40.8909806, -73.8528183)",0,0,0,0,0,0
299.49874686716794,"(40.6649999, -73.84857)",1,0,0,0,0,0
3422.8571428571427,"(40.7322213, -73.9986277)",1,1,2,0,4,0
468.74930555555557,"(40.5394128, -74.2228391)",0,0,0,0,0,0
1944.4444444444443,"(40.6958593, -73.9925234)",0,0,2,0,0,1
1292.6315789473683,"(40.7739766, -73.8070988)",0,0,0,0,0,0
366.6666666666667,"(40.7934553, -73.8471618)",0,0,0,0,0,0
169.3465198231211,"(40.726843, -73.85458)",0,0,1,0,0,0
228.91594188392313,"(40.7616461, -73.9701294)",6,0,9,1,5,3
228.45811000015527,"(40.713904, -73.754948)",0,0,0,0,0,0
789.181052631579,"(40.7782443, -73.7706926)",0,0,0,0,0,0
345.3287197231834,"(40.6365321, -74.1218622)",0,0,0,0,0,0
461.0527663934426,"(40.8906352, -73.853094)",0,0,0,0,0,0
719.0243902439024,"(40.7114417, -73.8490778)",0,0,0,0,1,0
436.5079365079365,"(40.5462525, -74.1481727)",0,0,0,0,0,0
1166.5694282380396,"(40.6201406, -74.014486)",0,0,0,0,0,0
757.6470588235294,"(40.7248068, -73.7953763)",1,0,1,0,0,0
349.4397759103641,"(40.6618245, -73.890638)",0,0,0,0,0,0
412.0833333333333,"(40.5657552, -74.1051158)",0,0,0,0,0,0
297.59072444910004,"(40.6071254, -74.0925892)",0,0,0,0,0,0
416.4062044555486,"(40.5268622, -74.189752)",0,0,0,0,0,0
1597.3333333333333,"(40.7363228, -74.0064402)",3,0,4,0,0,2
565.4223764532901,"(40.8799728, -73.9221419)",0,0,0,0,0,0
359.3980287577593,"(40.7473555, -73.9813841)",4,0,5,0,0,1
428.57142857142856,"(40.8368955, -73.9465033)",0,0,0,0,0,0
640.9646372749847,"(40.7770879, -73.9162687)",1,0,1,0,0,0
351.0551948051948,"(40.8297242, -73.8263414)",1,0,0,0,0,0
148.33753034078217,"(40.7512505, -73.8814433)",0,0,0,0,0,0
293.3333333333333,"(40.5136885, -74.2364803)",0,0,0,0,0,0
1050.724173247207,"(40.5757955, -74.009975)",0,0,0,0,0,0
3482.490272373541,"(40.6990407, -73.9929045)",1,0,1,0,0,0
550.566530612245,"(40.5430335, -74.182131)",0,0,0,0,0,0
258.8235294117647,"(40.9049354, -73.9060897)",0,0,0,0,0,0
84.69889849705154,"(40.684563, -73.914482)",0,0,0,0,0,0
369.6296296296296,"(40.8978428, -73.8633611)",0,0,0,0,0,0
505.05,"(40.620076, -74.0306109)",2,0,2,0,0,0
2497.5,"(40.7319679, -74.0043858)",3,0,2,0,2,1
320.48231863749237,"(40.7235651, -73.9781799)",1,0,0,0,0,0
648.3516483516484,"(40.7668584, -73.7375575)",0,0,0,0,0,0
278.81961721461835,"(40.7550154, -73.8329807)",1,0,2,0,0,0
263.1578947368421,"(40.5875717, -73.9712821)",0,0,0,0,0,0
315.446167916046,"(40.6794706, -73.8195636)",0,0,0,0,0,0
267.83165200419006,"(40.6082787, -73.7495095)",0,0,0,0,0,0
199.0909090909091,"(40.6202645, -74.1099106)",0,0,0,0,0,0
467.1875,"(40.7578323, -73.9624557)",2,0,3,1,0,2
500.7549068948163,"(40.6293682, -74.0870368)",0,0,0,0,0,0
476.7811704834606,"(40.629498, -74.02725)",0,0,1,0,0,0
136.89173324658603,"(40.7626299, -73.78916)",0,0,0,0,0,0
507.27272727272725,"(40.8712698, -73.9178529)",0,0,0,0,0,0
107.59049268544386,"(40.6797652, -73.8091668)",0,0,0,0,0,0
8195.190719444447,"(40.7713789, -73.9798579)",6,0,4,1,5,2
415.2097902097902,"(40.6626245, -73.8680207)",0,0,0,0,0,0
904.2105263157895,"(40.7746518, -73.81583)",0,0,0,0,0,0
999.5,"(40.7518706, -73.8922741)",0,0,1,0,0,0
488.24899598393574,"(40.718209, -73.775417)",0,0,0,0,0,0
297.59072444910004,"(40.677921, -73.9277691)",0,0,0,0,0,0
785.7142857142857,"(40.6231568, -74.0148411)",0,0,0,0,0,0
864.4404332129964,"(40.7259759, -73.8599803)",0,0,1,0,0,0
2896.373056994819,"(40.735321, -73.9941315)",2,2,3,1,4,0
213.41463414634146,"(40.6366099, -74.0778245)",0,0,0,0,0,0
428.85375494071144,"(40.5963657, -74.0997473)",0,0,0,0,0,0
457.37405188407837,"(40.7562931, -73.7849475)",0,0,0,0,0,0
727.9526951908755,"(40.6729954, -73.8373187)",0,0,1,0,0,0
397.3333333333333,"(40.8213094, -73.9399984)",0,0,1,0,0,0
439.0405904059041,"(40.6824809, -73.7279494)",0,0,0,0,0,0
365.80767513050915,"(40.6146692, -73.9515915)",1,0,0,0,0,0
450.96440551132855,"(40.6615069, -73.7581972)",0,0,0,0,0,0
260.95238095238096,"(40.6946313, -73.7540488)",0,0,0,0,0,0
403.94612794612794,"(40.549099, -74.2148258)",0,0,0,0,0,0
1144.5797094196155,"(40.5938747, -73.9742907)",0,0,0,0,0,0
690.6614785992218,"(40.6660348, -73.9612418)",0,0,0,0,0,0
119.03628977964001,"(40.8196151, -73.9532441)",0,0,0,0,0,0
640.8676361843727,"(40.6846326, -73.9660028)",0,0,0,0,0,0
1144.5797094196155,"(40.5938803, -73.9743763)",0,0,0,0,0,0
100.72301442892616,"(40.725937, -73.8572908)",0,0,1,0,0,0
542.3157894736842,"(40.6042803, -74.0030547)",0,0,1,0,0,0
286.14492735490387,"(40.7158932, -73.8820836)",0,0,0,0,0,0
1302.2041763341067,"(40.7779756, -73.9551546)",2,0,6,1,1,2
411.59086350729376,"(40.6511946, -73.8405509)",1,0,0,0,0,0
432.3308270676692,"(40.6683511, -73.8757315)",0,0,0,0,0,0
359.0780487804878,"(40.5986261, -74.1817717)",0,0,0,0,0,0
297.59072444910004,"(40.8719262, -73.8423808)",0,0,0,0,0,0
412.04823755917784,"(40.6531909, -73.9453969)",0,0,0,0,0,0
370.5882352941176,"(40.7520799, -73.88188)",0,0,0,0,0,0
392.83059170144855,"(40.813524, -73.802218)",0,0,0,0,0,0
1766.7844522968198,"(40.791801, -73.9665998)",0,0,1,2,0,0
369.95515695067263,"(40.5532787, -74.1649844)",0,0,0,0,0,0
427.4193548387097,"(40.5763544, -74.1099794)",2,0,0,0,0,0
520.7547169811321,"(40.6173476, -73.9131449)",0,0,0,0,0,0
459.54007352941176,"(40.5107045, -74.2389945)",0,0,0,0,0,0
365.80767513050915,"(40.6483188, -73.9039932)",0,0,0,0,0,0
52.650666633302315,"(40.7104509, -73.7982064)",0,0,0,0,0,0
872.1804511278195,"(40.7803566, -73.771297)",0,0,1,0,0,0
395.8097395243488,"(40.5771307, -73.8443159)",0,0,0,0,0,0
183.07692307692307,"(40.8522378, -73.8655788)",0,0,1,0,0,0
583.735651804004,"(40.7563571, -73.8819905)",0,0,0,0,0,0
187.71107234481696,"(40.6668174, -73.8499468)",0,0,0,0,0,0
344.3333333333333,"(40.8901764, -73.9146261)",0,0,0,0,0,0
420.6963249516441,"(40.8690609, -73.835715)",0,0,1,0,0,0
402.4342258319368,"(40.785245, -73.8557)",0,0,0,0,0,0
522.508038585209,"(40.8192151, -73.9544658)",0,0,0,0,0,0
547.1091011025762,"(40.6502185, -74.0063562)",0,0,0,0,0,0
863.6363636363636,"(40.7159669, -74.010573)",5,0,8,1,2,2
397.39807511049054,"(40.7158631, -73.8843791)",0,0,0,0,0,0
810.3624342690878,"(40.7885034, -73.8393008)",0,0,0,0,0,0
607.4324324324324,"(40.7253273, -73.8900898)",0,0,0,0,0,0
1031.25,"(40.6900217, -73.945006)",0,0,0,0,0,0
374.5064809220982,"(40.7396171, -73.8267571)",0,0,0,0,0,0
187.2532404610491,"(40.726173, -73.8202303)",0,0,0,0,1,0
460.651289009498,"(40.574905, -74.0036857)",0,0,0,0,0,0
118.57845789587218,"(40.7199582, -73.8357232)",0,0,0,0,0,0
372.8070175438597,"(40.6681319, -73.9948468)",0,0,1,0,0,0
519.4123819517314,"(40.6233738, -74.1599502)",0,0,0,0,0,0
1031.25,"(40.660279, -73.978949)",0,0,0,0,1,0
597.2222222222222,"(40.7487647, -73.8834851)",0,0,2,0,0,0
487.5,"(40.9057349, -73.9111699)",0,0,0,0,0,0
1325.5360623781676,"(40.5956171, -74.1144559)",0,0,0,0,1,0
3662.197238259002,"(40.8071701, -73.9668179)",0,0,1,0,0,0
642.2222222222222,"(40.7265287, -73.8933039)",0,0,0,0,0,0
2056.9403155728332,"(40.7620381, -73.9808958)",3,2,13,1,3,2
462.5,"(40.6063017, -74.0157592)",0,0,0,0,0,0
332.2255790533736,"(40.6689793, -73.8476549)",0,0,0,0,0,0
819.0099628896949,"(40.7892182, -73.7997874)",0,0,0,0,0,0
411.6300366300366,"(40.565557, -74.1329192)",0,0,0,0,0,0
2866.6666666666665,"(40.7696597, -73.962084)",2,1,4,0,0,1
444.0619621342513,"(40.8964834, -73.899354)",1,0,0,0,0,0
49.903675330695236,"(40.8768714, -73.8742644)",0,0,0,0,0,0
405.5059523809524,"(40.5804254, -74.1110462)",2,0,0,0,0,0
319.7916666666667,"(40.8802558, -73.9168342)",0,0,0,0,0,0
793.3333333333334,"(40.726984, -73.9769367)",1,0,0,0,0,0
444.0815660685155,"(40.5908557, -74.1037852)",0,0,1,0,0,0
339.9581589958159,"(40.8697126, -73.8565137)",0,0,0,0,0,0
292.0,"(40.599715, -73.995694)",0,0,0,0,0,0
545.9764367816092,"(40.6778227, -73.8350282)",0,0,0,0,0,0
439.93993993993996,"(40.8527278, -73.833506)",0,0,0,0,0,0
294.5252945252945,"(40.6085633, -73.7686771)",0,0,0,0,0,0
562.5,"(40.6168668, -74.0380928)",1,0,1,0,0,0
221.11111111111111,"(40.6281757, -74.1797234)",0,0,0,0,0,0
918.6046511627907,"(40.7068323, -74.0083798)",2,1,10,1,2,1
168.4821332265674,"(40.784673, -73.775263)",0,0,1,0,0,0
363.1078431372549,"(40.5509337, -74.1745249)",0,0,0,0,0,0
479.4117647058824,"(40.8778771, -73.9188767)",0,0,0,0,0,0
167.10863757526388,"(40.7493341, -73.8834178)",0,0,2,0,0,0
11674.713036080078,"(40.7361176, -74.0064866)",3,0,4,0,0,2
329.0513833992095,"(40.8214661, -73.9132049)",0,0,0,0,0,0
377.71130410847314,"(40.7291225, -73.8672746)",0,0,2,0,0,0
407.0125446696153,"(40.9086225, -73.9024315)",0,0,0,0,0,0
355.3333333333333,"(40.5017889, -74.2393231)",0,0,0,0,0,0
356.6510374551522,"(40.6134102, -73.927727)",0,0,0,0,0,0
580.2469135802469,"(40.6327207, -74.0236917)",0,0,1,0,1,0
600.0,"(40.819079, -73.944168)",0,0,1,0,0,0
219.7593042085662,"(40.8890266, -73.9131785)",0,0,1,0,0,0
375.4221446896339,"(40.7154424, -73.8098159)",0,0,0,0,0,0
481.25,"(40.7865407, -73.8018825)",0,0,0,0,0,0
325.06017964328703,"(40.6736664, -73.7504403)",0,0,0,0,0,0
466.0,"(40.6785308, -73.8130811)",0,0,0,0,0,0
463.57142857142856,"(40.5895025, -73.9579253)",1,0,1,0,0,0
326.946847960445,"(40.5781324, -74.1603451)",0,0,0,0,0,0
433.3333333333333,"(40.78987, -73.9483335)",0,0,1,0,0,1
717.6724137931035,"(40.6123969, -73.9422162)",1,0,0,0,0,0
150.37593984962405,"(40.6845061, -73.7950299)",0,0,0,0,0,0
2067.4097664543524,"(40.7069489, -74.0169068)",1,1,5,1,0,0
320.0244867537245,"(40.6938368, -73.9941354)",0,0,2,0,0,1
527.8969957081545,"(40.5755355, -73.9735905)",3,0,1,0,1,0
311.25,"(40.8224877, -73.8109803)",0,0,0,0,0,0
645.6456456456457,"(40.6021136, -73.9764056)",0,0,1,0,0,0
357.89473684210526,"(40.5382166, -74.2235176)",0,0,0,0,0,0
515.7894736842105,"(40.627807, -74.11527)",0,0,0,0,0,0
819.5190719444447,"(40.7143213, -73.85144)",0,0,0,0,0,0
537.9524634272193,"(40.7579132, -73.8760761)",0,0,0,0,0,0
265.08466070158295,"(40.8454504, -73.81776)",0,0,0,0,0,0
292.94117647058823,"(40.8789773, -73.916004)",0,0,0,0,0,0
688.8888888888889,"(40.7754585, -73.8125494)",0,0,0,0,0,0
440.08810572687224,"(40.8614806, -73.8513941)",0,0,0,0,0,0
304.6666666666667,"(40.7115099, -73.82872)",0,0,1,0,1,0
139.63872454919309,"(40.783465, -73.7990603)",0,0,0,0,0,0
416.6666666666667,"(40.8082664, -73.9550742)",0,0,2,0,1,0
356.0640732265446,"(40.6308436, -74.1204059)",0,0,0,0,0,0
643.939393939394,"(40.7907048, -73.8110968)",0,0,1,0,0,0
195.95204625263818,"(40.6274951, -73.915694)",0,0,1,0,0,0
292.55457372765375,"(40.77172, -73.9467052)",0,0,1,0,0,0
382.2896229461516,"(40.6226706, -73.9327329)",0,0,1,0,0,0
801.2820512820513,"(40.7756208, -73.7758933)",0,0,0,0,1,0
784.7222222222222,"(40.633504, -74.034181)",0,0,0,0,0,0
349.2361111111111,"(40.6958663, -73.7450046)",0,0,0,0,0,0
527.4647887323944,"(40.8547724, -73.8583315)",0,0,0,0,0,0
235.3202846975089,"(40.5952037, -73.7634372)",0,0,0,0,0,0
322.7714780563316,"(40.727192, -73.883684)",0,0,1,0,0,0
251.34970418854758,"(40.7662222, -73.9516342)",0,0,3,0,0,0
251.34970418854758,"(40.7662222, -73.9516342)",0,0,3,0,0,0
251.34970418854758,"(40.7662222, -73.9516342)",0,0,3,0,0,0
251.34970418854758,"(40.7662222, -73.9516342)",0,0,3,0,0,0
251.34970418854758,"(40.7662222, -73.9516342)",0,0,3,0,0,0
251.34970418854758,"(40.7662222, -73.9516342)",0,0,3,0,0,0
251.34970418854758,"(40.7662222, -73.9516342)",0,0,3,0,0,0
251.34970418854758,"(40.7662222, -73.9516342)",0,0,3,0,0,0
150.0,"(40.8814635, -73.8671293)",0,0,0,0,0,0
449.66442953020135,"(40.7517899, -73.88467)",0,0,1,0,0,0
449.66442953020135,"(40.7517899, -73.88467)",0,0,1,0,0,0
449.66442953020135,"(40.7517899, -73.88467)",0,0,1,0,0,0
449.66442953020135,"(40.7517899, -73.88467)",0,0,1,0,0,0
449.66442953020135,"(40.7517899, -73.88467)",0,0,1,0,0,0
449.66442953020135,"(40.7517899, -73.88467)",0,0,1,0,0,0
449.66442953020135,"(40.7517899, -73.88467)",0,0,1,0,0,0
449.66442953020135,"(40.7517899, -73.88467)",0,0,1,0,0,0
274.2412983769399,"(40.5853206, -73.8221893)",0,0,0,0,0,0
316.33522190745987,"(40.560143, -74.1854357)",0,0,0,0,0,0
316.33522190745987,"(40.560143, -74.1854357)",0,0,0,0,0,0
316.33522190745987,"(40.560143, -74.1854357)",0,0,0,0,0,0
316.33522190745987,"(40.560143, -74.1854357)",0,0,0,0,0,0
316.33522190745987,"(40.560143, -74.1854357)",0,0,0,0,0,0
316.33522190745987,"(40.560143, -74.1854357)",0,0,0,0,0,0
316.33522190745987,"(40.560143, -74.1854357)",0,0,0,0,0,0
316.33522190745987,"(40.560143, -74.1854357)",0,0,0,0,0,0
135.06040571151465,"(40.883124, -73.9164633)",0,0,0,0,0,0
135.06040571151465,"(40.883124, -73.9164633)",0,0,0,0,0,0
135.06040571151465,"(40.883124, -73.9164633)",0,0,0,0,0,0
135.06040571151465,"(40.883124, -73.9164633)",0,0,0,0,0,0
135.06040571151465,"(40.883124, -73.9164633)",0,0,0,0,0,0
135.06040571151465,"(40.883124, -73.9164633)",0,0,0,0,0,0
135.06040571151465,"(40.883124, -73.9164633)",0,0,0,0,0,0
135.06040571151465,"(40.883124, -73.9164633)",0,0,0,0,0,0
256.3858549099939,"(40.824234, -73.84638)",0,0,0,0,0,0
350.5923650724002,"(40.6131995, -73.9019711)",0,0,0,0,0,0
688.3365200764819,"(40.6873745, -73.9264057)",0,0,0,0,0,0
333.332,"(40.5523555, -74.1450647)",0,0,0,0,0,0
389.1571012026693,"(40.6699378, -73.8213422)",0,0,0,0,0,0
343.37391282588464,"(40.5931071, -73.9753582)",0,0,0,0,0,0
286.14492735490387,"(40.679665, -73.8819497)",0,0,0,0,0,0
725.4464285714286,"(40.7452362, -73.7204545)",0,0,0,0,0,0
815.7939046977606,"(40.808933, -73.940052)",0,0,1,0,1,0
265.54249258535083,"(40.7657861, -73.9842196)",4,0,9,1,3,2
406.45627893083736,"(40.7462427, -73.8259167)",0,0,1,0,0,0
713.2653352353781,"(40.5925315, -73.9574046)",1,0,0,0,0,0
444.3620178041543,"(40.84296, -73.8312695)",0,0,0,0,0,0
529.7372060857538,"(40.6841571, -73.8820567)",0,0,0,0,0,0
411.6666666666667,"(40.5945187, -74.0904783)",1,0,0,0,0,0
405.8386411889597,"(40.5496155, -74.1391082)",0,0,0,0,0,0
320.4365354491156,"(40.745068, -73.949763)",0,0,1,0,0,0
1279.0968342644321,"(40.6729621, -73.9751283)",0,0,1,0,0,0
504.9851094134404,"(40.7924222, -73.8260759)",0,0,0,0,0,0
457.37405188407837,"(40.7617289, -73.9502411)",0,0,1,0,0,0
2057.843137254902,"(40.6919769, -73.9967879)",0,0,2,0,0,1
86.07239414835509,"(40.7511899, -73.90201)",0,0,0,0,1,0
405.762987012987,"(40.5527401, -74.1995549)",0,0,0,0,0,0
405.762987012987,"(40.5527401, -74.1995549)",0,0,0,0,0,0
405.762987012987,"(40.5527401, -74.1995549)",0,0,0,0,0,0
405.762987012987,"(40.5527401, -74.1995549)",0,0,0,0,0,0
405.762987012987,"(40.5527401, -74.1995549)",0,0,0,0,0,0
405.762987012987,"(40.5527401, -74.1995549)",0,0,0,0,0,0
405.762987012987,"(40.5527401, -74.1995549)",0,0,0,0,0,0
405.762987012987,"(40.5527401, -74.1995549)",0,0,0,0,0,0
249.5183766534762,"(40.7863158, -73.9702042)",0,0,2,0,0,0
322.7714780563316,"(40.7135957, -73.8863491)",0,0,0,0,0,0
590.1452981767537,"(40.7445255, -73.7137434)",0,0,0,0,0,0
590.1452981767537,"(40.7445255, -73.7137434)",0,0,0,0,0,0
590.1452981767537,"(40.7445255, -73.7137434)",0,0,0,0,0,0
590.1452981767537,"(40.7445255, -73.7137434)",0,0,0,0,0,0
590.1452981767537,"(40.7445255, -73.7137434)",0,0,0,0,0,0
590.1452981767537,"(40.7445255, -73.7137434)",0,0,0,0,0,0
590.1452981767537,"(40.7445255, -73.7137434)",0,0,0,0,0,0
590.1452981767537,"(40.7445255, -73.7137434)",0,0,0,0,0,0
178.09660278569217,"(40.7317199, -73.90176)",0,0,0,0,0,0
160.24115931874618,"(40.6397364, -74.0186847)",0,0,0,0,0,0
160.24115931874618,"(40.6397364, -74.0186847)",0,0,0,0,0,0
160.24115931874618,"(40.6397364, -74.0186847)",0,0,0,0,0,0
160.24115931874618,"(40.6397364, -74.0186847)",0,0,0,0,0,0
160.24115931874618,"(40.6397364, -74.0186847)",0,0,0,0,0,0
160.24115931874618,"(40.6397364, -74.0186847)",0,0,0,0,0,0
160.24115931874618,"(40.6397364, -74.0186847)",0,0,0,0,0,0
160.24115931874618,"(40.6397364, -74.0186847)",0,0,0,0,0,0
135.06040571151465,"(40.8153693, -73.9384161)",0,0,0,0,0,0
420.2896692988828,"(40.7093093, -73.8548324)",0,0,1,0,0,0
566.4357682619648,"(40.7196606, -73.8507871)",1,0,1,0,0,0
541.3245758073344,"(40.5927382, -73.9536851)",0,0,0,0,0,0
415.1119402985075,"(40.5960203, -74.0673498)",0,0,0,0,0,0
403.68384879725085,"(40.8480712, -73.7861809)",0,0,0,0,1,0
141.92788396803232,"(40.8255972, -73.9529963)",0,0,1,0,0,0
219.30147232479834,"(40.788879, -73.9794905)",0,0,2,1,1,0
590.6031300605216,"(40.7848355, -73.8276854)",0,0,2,0,0,0
1258.8862559241707,"(40.6781953, -73.9702616)",0,0,0,0,0,0
2000.0,"(40.6820656, -73.9903833)",0,0,1,0,1,0
411.59086350729376,"(40.7523748, -73.7900912)",0,0,0,0,0,0
2828.248200205691,"(40.7420282, -73.9997276)",0,0,5,1,1,0
506.9230769230769,"(40.8224429, -73.8109606)",0,0,0,0,0,0
526.5066663330232,"(40.6529502, -73.8400922)",1,0,0,0,0,0
228.45811000015527,"(40.6601399, -73.9354891)",0,0,0,0,0,0
491.19241192411926,"(40.5582278, -74.1173549)",0,0,0,0,0,0
425.32582002032916,"(40.7459681, -73.7331069)",0,0,0,0,0,0
199.57983193277312,"(40.6384738, -74.1714633)",0,0,0,0,0,0
144.21704338687155,"(40.7758184, -73.907993)",1,0,1,0,0,0
847.0873786407767,"(40.7616652, -73.826414)",0,0,2,0,0,0
388.69926931890143,"(40.7299635, -73.7195673)",1,0,0,0,0,0
362.2448979591837,"(40.8685757, -73.9220436)",0,0,0,0,0,0
1782.4074074074074,"(40.7750748, -73.9496097)",0,0,4,0,0,1
1415.0943396226414,"(40.709894, -74.017865)",3,1,2,0,0,1
470.64777327935224,"(40.8285177, -73.8155198)",0,0,0,0,0,0
381.53508771929825,"(40.5873346, -74.1553517)",0,0,0,0,0,0
343.65781710914456,"(40.8665092, -73.8574012)",0,0,0,0,0,0
924.7685185185185,"(40.5593089, -74.1264964)",0,0,0,0,0,0
132.77124629267541,"(40.7255887, -73.8589005)",0,0,0,0,0,0
132.77124629267541,"(40.7255887, -73.8589005)",0,0,0,0,0,0
132.77124629267541,"(40.7255887, -73.8589005)",0,0,0,0,0,0
132.77124629267541,"(40.7255887, -73.8589005)",0,0,0,0,0,0
132.77124629267541,"(40.7255887, -73.8589005)",0,0,0,0,0,0
132.77124629267541,"(40.7255887, -73.8589005)",0,0,0,0,0,0
132.77124629267541,"(40.7255887, -73.8589005)",0,0,0,0,0,0
132.77124629267541,"(40.7255887, -73.8589005)",0,0,0,0,0,0
276.97495183044316,"(40.8965002, -73.8585406)",0,0,0,0,0,0
202.26537216828478,"(40.6339137, -73.9982004)",0,0,0,0,0,0
597.8260869565217,"(40.6126355, -73.909459)",0,0,0,0,0,0
646.2140992167102,"(40.8525968, -73.9352912)",0,0,1,0,0,0
526.1079420798596,"(40.545515, -74.156447)",0,0,0,0,0,0
403.3333333333333,"(40.8818819, -73.921791)",0,0,0,0,0,0
251.80753607231543,"(40.6487997, -74.0024232)",0,0,0,0,0,0
721.1267605633802,"(40.7693375, -73.7854318)",0,0,0,0,0,0
1226.7679719462303,"(40.7019735, -73.9869044)",0,0,1,0,0,1
388.5135135135135,"(40.5886056, -73.9394034)",0,0,0,0,0,0
522.0588235294117,"(40.832149, -73.8265941)",1,0,0,0,0,0
240.36173897811926,"(40.7774246, -73.98562)",1,0,2,0,4,1
393.51851851851853,"(40.5931048, -74.0663488)",0,0,0,0,0,0
259.615,"(40.8315561, -73.8872273)",0,0,0,0,0,0
157.95199989990695,"(40.7135571, -73.7901901)",0,0,0,0,0,0
229.12808597153645,"(40.6255174, -73.9205183)",0,0,1,0,0,0
326.7241379310345,"(40.6320616, -73.9452586)",0,0,2,0,0,0
1279.6420581655482,"(40.6197363, -74.0177331)",0,0,0,0,0,0
320.0244867537245,"(40.6963847, -73.8472713)",0,0,0,0,0,0
277.77777777777777,"(40.880985, -73.9102329)",0,0,0,0,0,0
512.7717098199878,"(40.7639092, -73.7205952)",0,0,1,0,0,0
1250.0,"(40.7213288, -74.0092558)",3,0,2,0,2,0
392.81975627281207,"(40.7329998, -73.8824499)",0,0,0,0,0,0
1275.0,"(40.7635661, -73.9941366)",1,0,1,0,0,0
488.13868613138686,"(40.5991039, -74.067279)",0,0,0,0,0,0
896.6934429291986,"(40.6722614, -73.9816141)",0,0,1,0,0,0
2202.1116138763196,"(40.7782059, -73.9790314)",1,0,4,0,5,3
409.75953597222235,"(40.7824047, -73.979261)",1,0,3,0,3,2
520.8333333333334,"(40.8392843, -73.8243081)",0,0,0,0,0,0
818.603408176909,"(40.7494508, -73.8284569)",0,0,1,0,0,0
594.4940476190476,"(40.6398093, -73.9109383)",0,1,0,0,0,0
402.4342258319368,"(40.714999, -73.878128)",0,0,0,0,0,0
401.25,"(40.5168606, -74.2375349)",0,0,0,0,0,0
456.91622000031055,"(40.6186409, -73.9389327)",0,0,0,0,0,0
950.0,"(40.7759205, -73.9861034)",1,0,4,0,5,1
187.71107234481696,"(40.5800127, -74.1614787)",0,0,1,0,1,0
298.8888888888889,"(40.7125699, -73.79318)",0,0,0,0,0,0
1214.2857142857142,"(40.7223906, -74.0075502)",4,0,3,0,2,0
547.1091011025762,"(40.8526383, -73.8850533)",1,0,0,0,0,0
514.4995322731525,"(40.7192373, -73.846265)",1,0,2,0,2,0
261.1940298507463,"(40.6215159, -73.9961566)",0,0,0,0,0,0
430.36197074177545,"(40.6946299, -73.8051802)",0,0,0,0,0,0
396.024579459187,"(40.7359218, -73.9035224)",0,0,0,0,0,0
1812.1033544877607,"(40.7449246, -73.9836051)",7,0,9,1,0,2
537.3831775700935,"(40.5884822, -74.0735337)",0,0,0,0,0,0
151.08452164338925,"(40.6994276, -73.8518226)",0,0,0,0,0,0
1750.0,"(40.7345979, -74.0029107)",3,0,2,0,1,2
515.8333333333334,"(40.5768871, -73.9542132)",0,0,0,0,0,0
856.1904761904761,"(40.6141485, -74.1643422)",0,0,0,0,0,0
1027.097902097902,"(40.6314389, -74.0378384)",0,0,0,0,0,0
499.8333333333333,"(40.618804, -74.012196)",0,0,0,0,0,0
778.0256553262689,"(40.780245, -73.9827963)",1,0,3,0,1,2
366.265507014277,"(40.7535399, -73.8868899)",0,0,1,0,0,0
727.405247813411,"(40.7615546, -73.9923686)",1,0,4,0,3,0
554.0159279778393,"(40.7110987, -73.741186)",0,1,0,0,0,0
361.58730158730157,"(40.5308796, -74.1913113)",0,0,0,0,0,0
320.6060606060606,"(40.8061399, -73.8579944)",0,0,0,0,0,0
250.0,"(40.5862693, -73.9407123)",0,0,0,0,0,0
443.39622641509436,"(40.5957485, -73.9862201)",1,0,0,0,0,0
569.4626474442988,"(40.8505252, -73.856443)",0,0,0,0,0,0
506.0810810810811,"(40.8534458, -73.8484651)",0,0,1,0,0,0
275.3142857142857,"(40.8797408, -73.9204193)",0,0,0,0,0,0
592.8922894793609,"(40.7493551, -73.9158547)",0,0,0,0,0,0
620.9677419354839,"(40.62481, -73.9539607)",1,0,0,0,0,0
319.9300699300699,"(40.5721728, -74.0972787)",1,0,0,0,0,0
527.7777777777778,"(40.6158816, -74.0822185)",0,0,0,0,0,0
696.0227272727273,"(40.611841, -73.92961)",0,0,0,0,0,0
657.3464912280701,"(40.6119254, -74.0084031)",0,0,0,0,0,0
414.80504148053603,"(40.5883339, -73.7934039)",0,0,0,0,0,0
240.9090909090909,"(40.6068092, -73.9590334)",0,0,1,0,0,0
120.18086948905963,"(40.8819467, -73.9200169)",0,0,0,0,0,0
239.9111111111111,"(40.6087694, -74.0597773)",0,0,0,0,0,0
239.9111111111111,"(40.6087694, -74.0597773)",0,0,0,0,0,0
239.9111111111111,"(40.6087694, -74.0597773)",0,0,0,0,0,0
239.9111111111111,"(40.6087694, -74.0597773)",0,0,0,0,0,0
239.9111111111111,"(40.6087694, -74.0597773)",0,0,0,0,0,0
239.9111111111111,"(40.6087694, -74.0597773)",0,0,0,0,0,0
239.9111111111111,"(40.6087694, -74.0597773)",0,0,0,0,0,0
239.9111111111111,"(40.6087694, -74.0597773)",0,0,0,0,0,0
363.6363636363636,"(40.8580056, -73.8365535)",0,0,0,0,0,0
363.6363636363636,"(40.8580056, -73.8365535)",0,0,0,0,0,0
363.6363636363636,"(40.8580056, -73.8365535)",0,0,0,0,0,0
363.6363636363636,"(40.8580056, -73.8365535)",0,0,0,0,0,0
363.6363636363636,"(40.8580056, -73.8365535)",0,0,0,0,0,0
363.6363636363636,"(40.8580056, -73.8365535)",0,0,0,0,0,0
363.6363636363636,"(40.8580056, -73.8365535)",0,0,0,0,0,0
363.6363636363636,"(40.8580056, -73.8365535)",0,0,0,0,0,0
389.1571012026693,"(40.729293, -74.003447)",3,0,4,0,2,1
363.6029411764706,"(40.5119454, -74.2470716)",1,0,0,0,0,0
499.99944444444446,"(40.9016185, -73.8999396)",0,0,0,0,0,0
912.9720853858785,"(40.7967438, -73.8160751)",0,0,0,0,0,0
951.4285714285714,"(40.7921116, -73.9731768)",0,0,2,1,0,1
320.0244867537245,"(40.6373525, -73.9344092)",0,0,0,0,0,0
400.64022435897436,"(40.6289462, -74.1388487)",1,0,0,0,0,0
471.69732704402514,"(40.6111849, -74.0753235)",0,0,0,0,0,0
362.5,"(40.6199521, -74.1237895)",0,0,0,0,0,0
561.1730337078652,"(40.6117545, -74.0323281)",0,0,0,0,0,0
362.962962962963,"(40.586018, -73.9252126)",0,0,0,0,1,0
366.265507014277,"(40.71593, -73.8858453)",0,0,0,0,0,0
291.91011235955057,"(40.854862, -73.7906694)",1,0,0,0,0,0
708.3333333333334,"(40.6169213, -73.9415274)",0,0,0,0,0,0
323.05194805194805,"(40.8513854, -73.854324)",0,0,0,0,0,0
544.6623093681917,"(40.617019, -73.9878352)",0,0,1,0,0,0
583.735651804004,"(40.7675169, -73.7439734)",1,0,0,0,0,0
238.09492063492064,"(40.8453955, -73.868163)",0,0,0,0,0,0
646.3414634146342,"(40.6711016, -73.9473427)",0,0,0,0,0,0
457.37405188407837,"(40.7866659, -73.974142)",1,0,4,1,1,0
127.7350955712291,"(40.7069299, -73.82404)",0,0,0,0,0,0
475.1984126984127,"(40.5782884, -74.1583011)",0,0,0,0,0,0
1437.5,"(40.7236159, -73.9781735)",1,0,0,0,0,0
619.1536748329621,"(40.7111134, -73.7361784)",0,1,0,0,0,0
438.5964912280702,"(40.7323502, -73.8611654)",0,0,3,0,0,0
