,location,Starbucks,Whole Foods,Movie Theater,Equinox
0,"(40.761255, -73.9744834)",10,0,4,2
1,"(40.7663935, -73.9809909)",8,1,2,1
2,"(40.5418051, -74.1961086)",0,0,0,0
3,"(40.7613979, -73.9746128)",10,0,4,2
4,"(40.7672235, -73.9698561)",3,0,2,2
5,"(40.6743632, -73.9587248)",1,0,0,0
6,"(40.809448, -73.946777)",1,1,2,0
7,"(40.5950017, -74.1064235)",0,0,0,0
8,"(40.8215857, -73.8740892)",0,0,0,0
9,"(40.6157378, -73.9696944)",0,0,0,0
10,"(40.8248699, -73.9229829)",1,0,2,0
11,"(40.6249962, -74.1553058)",0,0,0,0
12,"(40.7531191, -73.8818757)",0,0,0,0
13,"(40.7438639, -73.8745722)",0,0,0,0
14,"(40.7382981, -74.0058899)",5,0,0,2
15,"(40.5406209, -74.1671632)",0,0,0,0
16,"(40.7607676, -73.9056672)",0,0,0,0
17,"(40.6181029, -74.0369047)",1,0,0,0
18,"(40.9073699, -73.9065578)",0,0,0,0
19,"(40.7324713, -73.8670804)",4,0,0,0
20,"(40.6207403, -74.1114362)",0,0,0,0
21,"(40.7202429, -73.8430513)",2,0,2,0
22,"(40.8343936, -73.8221101)",0,0,0,0
23,"(40.5902064, -74.0958034)",0,0,0,0
24,"(40.5039785, -74.2396555)",0,0,0,0
25,"(40.710749, -73.809486)",0,0,0,0
26,"(40.7505078, -73.8851355)",2,0,0,0
27,"(40.602654, -73.9869399)",0,0,0,0
28,"(40.7557689, -73.8734231)",0,0,0,0
29,"(40.6155667, -74.0869554)",0,0,0,0
30,"(40.8242389, -73.8173809)",0,0,0,0
31,"(40.6210398, -74.1504313)",0,0,0,0
32,"(40.6274381, -74.1581613)",0,0,0,0
33,"(40.6615475, -73.898309)",0,0,0,0
34,"(40.6179165, -73.9546305)",0,0,0,0
35,"(40.6275896, -74.0016198)",0,0,0,0
36,"(40.6155667, -74.0869554)",0,0,0,0
37,"(40.7528774, -73.8211834)",0,0,0,0
38,"(40.711969, -73.9649468)",0,0,2,0
39,"(40.5159256, -74.2361135)",0,0,0,0
40,"(40.852813, -73.9176871)",0,0,0,0
41,"(40.614446, -73.9795824)",0,0,0,0
42,"(40.688312, -73.856322)",0,0,0,0
43,"(40.8260352, -73.9256625)",1,0,2,0
44,"(40.753455, -73.8209077)",0,0,0,0
45,"(40.6847504, -73.8027331)",0,0,0,0
46,"(40.725464, -73.9999212)",4,0,2,3
47,"(40.768457, -73.789417)",1,0,0,0
48,"(40.6315346, -74.0856344)",0,0,0,0
49,"(40.6233188, -74.1259917)",0,0,0,0
50,"(40.6868333, -73.8309133)",0,0,0,0
51,"(40.6042861, -74.0012526)",1,0,0,0
52,"(40.6481488, -74.0847983)",0,0,0,0
53,"(40.6281691, -74.0297598)",1,0,0,0
54,"(40.7199716, -73.9980266)",3,0,2,2
55,"(40.6866098, -73.9997131)",0,0,1,0
56,"(40.5016233, -74.2417531)",0,0,0,0
57,"(40.6175, -74.103996)",0,0,0,0
58,"(40.618648, -74.1019085)",0,0,0,0
59,"(40.6754035, -73.9742051)",1,0,0,0
60,"(40.7802357, -73.9846328)",2,0,1,2
61,"(40.5751942, -73.9669983)",0,0,0,0
62,"(40.7643711, -73.9593578)",5,0,0,1
63,"(40.7193408, -73.9856438)",1,0,1,1
64,"(40.6400234, -73.9676099)",0,0,0,0
65,"(40.6787789, -73.9643728)",0,0,0,0
66,"(40.700309, -73.8535466)",0,0,0,0
67,"(40.5632116, -74.1002521)",0,0,0,0
68,"(40.5395319, -74.1450877)",0,0,0,0
69,"(40.7765613, -73.9633167)",2,0,0,0
70,"(40.6915139, -73.935444)",0,0,0,0
71,"(40.6967268, -73.9074036)",1,0,0,0
72,"(40.6915139, -73.935444)",0,0,0,0
73,"(40.7832094, -73.7967588)",0,0,0,0
74,"(40.5874844, -74.0701056)",0,0,0,0
75,"(40.7083434, -73.9081614)",0,0,0,0
76,"(40.764953, -73.977568)",6,0,2,0
77,"(40.5785288, -73.9655666)",1,0,0,0
78,"(40.8841699, -73.8388387)",0,0,0,0
79,"(40.6534433, -73.741373)",0,0,0,0
80,"(40.7833546, -73.9499982)",2,1,0,1
81,"(40.7833546, -73.9499982)",2,1,0,1
82,"(40.7363219, -74.0018035)",4,0,1,2
83,"(40.736608, -73.9822819)",4,0,0,0
84,"(40.66911, -73.789339)",0,0,0,0
85,"(40.6499031, -73.7354706)",0,0,0,0
86,"(40.5784263, -74.105437)",0,0,0,0
87,"(40.6282935, -74.0379695)",0,0,0,0
88,"(40.6239146, -73.9291226)",0,0,0,0
89,"(40.7267732, -74.002538)",3,0,3,0
90,"(40.7986579, -73.9679035)",1,0,1,0
91,"(40.6362368, -73.939679)",0,0,0,0
92,"(40.7700395, -73.9638872)",2,0,0,0
93,"(40.8429545, -73.8249591)",0,0,0,0
94,"(40.6105856, -74.1268175)",0,0,0,0
95,"(40.6170731, -74.0383836)",0,0,0,0
96,"(40.8809873, -73.9224337)",0,0,0,0
97,"(40.8690109, -73.8564445)",0,0,0,0
98,"(40.8969146, -73.8654984)",0,0,0,0
99,"(40.782238, -73.9846322)",1,0,1,2
100,"(40.6241766, -74.0216837)",1,0,0,0
101,"(40.5159004, -74.2314825)",0,0,0,0
102,"(40.7986579, -73.9679035)",1,0,1,0
103,"(40.6813429, -73.9981509)",0,0,0,0
104,"(40.5877991, -73.9216187)",0,0,0,0
105,"(40.5247627, -74.1681035)",0,0,0,0
106,"(40.6680619, -73.9748375)",1,0,0,0
107,"(40.7897507, -73.9487257)",1,0,0,1
108,"(40.7810583, -73.9808407)",4,0,2,2
109,"(40.8235127, -73.9467514)",2,0,0,0
110,"(40.6178184, -74.0151165)",0,0,0,0
111,"(40.5423126, -74.1555672)",0,0,0,0
112,"(40.8726182, -73.8651768)",0,0,0,0
113,"(40.665357, -73.8770867)",0,0,0,0
114,"(40.6837891, -73.8381042)",0,0,0,0
115,"(40.665357, -73.8770867)",0,0,0,0
116,"(40.6837891, -73.8381042)",0,0,0,0
117,"(40.67538, -73.7472571)",0,0,0,0
118,"(40.5604695, -74.1018925)",0,0,0,0
119,"(40.772929, -73.9635462)",1,0,0,0
120,"(40.8307115, -73.9424229)",0,0,0,0
121,"(40.5980695, -73.7632649)",0,0,0,0
122,"(40.723245, -73.7293286)",0,0,0,0
123,"(40.5387812, -74.193378)",0,0,0,0
124,"(40.8246371, -73.8072061)",0,0,0,0
125,"(40.5143019, -74.2044734)",0,0,0,0
126,"(40.7143354, -74.0087443)",12,1,0,2
127,"(40.6109595, -74.060351)",0,0,0,0
128,"(40.7881763, -73.7877051)",0,0,0,0
129,"(40.6366859, -73.9488175)",1,0,0,0
130,"(40.7702318, -73.9610161)",3,0,0,1
131,"(40.8822913, -73.9137305)",1,0,0,0
132,"(40.8224987, -73.8111568)",0,0,0,0
133,"(40.755049, -73.9136386)",1,0,0,0
134,"(40.824015, -73.9502067)",1,0,0,0
135,"(40.7566899, -73.72075)",0,0,1,0
136,"(40.7302938, -73.8059248)",0,0,0,0
137,"(40.8663864, -73.8878945)",0,0,0,0
138,"(40.8176549, -73.8197053)",0,0,0,0
139,"(40.7832598, -73.976047)",3,0,4,2
140,"(40.574451, -74.0929448)",0,0,0,0
141,"(40.7616, -73.9761913)",10,0,2,2
142,"(40.8454501, -73.8209766)",0,0,0,0
143,"(40.7905714, -73.9753392)",2,1,1,1
144,"(40.5731273, -74.089182)",0,0,0,0
145,"(40.5595612, -73.9147409)",0,0,0,0
146,"(40.8423705, -73.9234444)",0,0,0,0
147,"(40.6590909, -73.8451972)",0,0,0,0
148,"(40.688533, -73.796529)",0,0,0,0
149,"(40.688533, -73.796529)",0,0,0,0
150,"(40.5950021, -73.7577376)",0,0,0,0
151,"(40.5997081, -73.9344974)",0,0,0,0
152,"(40.7986579, -73.9679035)",1,0,1,0
153,"(40.6968706, -73.7390395)",0,0,0,0
154,"(40.5397292, -74.2155251)",0,0,0,0
155,"(40.5302132, -74.1981906)",1,0,0,0
156,"(40.5805262, -74.0061062)",0,0,0,0
157,"(40.7577991, -73.7159564)",0,0,1,0
158,"(40.57372, -73.8577786)",0,0,0,0
159,"(40.7336687, -74.000518)",2,0,2,2
160,"(40.657686, -73.8489131)",0,0,0,0
161,"(40.7086444, -74.0161953)",3,1,0,2
162,"(40.6948972, -73.9925741)",4,0,0,1
163,"(40.5861193, -74.1075476)",1,0,0,0
164,"(40.7780417, -73.7739629)",1,0,1,0
165,"(40.8229141, -73.9460622)",2,0,0,0
166,"(40.7887084, -73.9700091)",2,1,0,1
167,"(40.6291962, -74.1518654)",0,0,0,0
168,"(40.610206, -73.91065)",0,0,0,0
169,"(40.5273247, -74.1983282)",1,0,0,0
170,"(40.760703, -73.880887)",0,0,1,0
171,"(40.6674938, -73.9832146)",2,0,0,0
172,"(40.765022, -73.7422005)",0,0,0,0
173,"(40.8159966, -73.8881001)",0,0,0,0
174,"(40.7679673, -73.8246067)",0,0,0,0
175,"(40.515251, -74.235145)",0,0,0,0
176,"(40.6296431, -74.1005274)",1,0,0,0
177,"(40.6164182, -74.0142443)",0,0,0,0
178,"(40.551184, -74.1840649)",0,0,0,0
179,"(40.677393, -73.800094)",0,0,0,0
180,"(40.7668312, -73.7911175)",1,0,0,0
181,"(40.7164224, -74.0101197)",7,1,3,2
182,"(40.7600248, -73.9653546)",8,1,3,4
183,"(40.5788586, -74.11209)",0,0,0,0
184,"(40.7127599, -73.83433)",1,0,0,0
185,"(40.8679701, -73.836565)",0,0,0,0
186,"(40.6090909, -73.9762651)",0,0,0,0
187,"(40.8130775, -73.8063357)",0,0,0,0
188,"(40.7120703, -73.9983258)",1,0,0,0
189,"(40.7697773, -73.9014478)",0,0,0,0
190,"(40.7758194, -73.9785263)",4,0,2,1
191,"(40.686947, -73.9261885)",0,0,0,0
192,"(40.7107701, -73.8406935)",0,0,0,0
193,"(40.6965326, -73.9839654)",4,0,0,0
194,"(40.673976, -73.973535)",1,0,0,0
195,"(40.6137764, -74.1600305)",0,0,0,0
196,"(40.5803331, -74.0885167)",0,0,0,0
197,"(40.5993523, -74.0953882)",0,0,0,0
198,"(40.6222734, -73.924094)",0,0,0,0
199,"(40.7252187, -73.9929764)",2,1,4,3
200,"(40.6738566, -73.9506085)",0,1,0,0
201,"(40.574103, -74.0931668)",0,0,0,0
202,"(40.737308, -74.0046666)",5,0,0,2
203,"(40.5273093, -74.1753435)",0,0,0,0
204,"(40.6898164, -73.9062474)",0,0,0,0
205,"(40.8968048, -73.9087471)",0,0,0,0
206,"(40.7651716, -73.9678719)",7,0,4,2
207,"(40.8109146, -73.853921)",0,0,0,0
208,"(40.5866482, -73.9845156)",0,0,0,0
209,"(40.621814, -74.1406264)",1,0,0,0
210,"(40.7381853, -73.8581248)",0,0,0,0
211,"(40.764989, -73.9655331)",5,0,4,2
212,"(40.784623, -73.9826586)",2,0,2,2
213,"(40.583514, -73.9738903)",0,0,0,0
214,"(40.7651716, -73.9678719)",7,0,4,2
215,"(40.8109146, -73.853921)",0,0,0,0
216,"(40.8968048, -73.9087471)",0,0,0,0
217,"(40.7381853, -73.8581248)",0,0,0,0
218,"(40.583514, -73.9738903)",0,0,0,0
219,"(40.5939378, -74.1843153)",0,0,0,0
220,"(40.7855174, -73.7797613)",0,0,0,0
221,"(40.7455051, -74.0016003)",2,0,0,1
222,"(40.747472, -73.9796788)",9,0,1,1
223,"(40.6351164, -74.0311609)",0,0,0,0
224,"(40.7839299, -73.77643)",1,0,0,0
225,"(40.8451067, -73.8601577)",0,0,0,0
226,"(40.7531191, -73.8818757)",0,0,0,0
227,"(40.5387352, -74.1423893)",0,0,0,0
228,"(40.521278, -74.2230351)",0,0,0,0
229,"(40.5953144, -74.1628286)",0,0,0,0
230,"(40.7186003, -73.8453488)",2,0,2,0
231,"(40.8808173, -73.8350832)",0,0,0,0
232,"(40.7075546, -73.9036964)",0,0,0,0
233,"(40.7824499, -73.7765099)",1,0,1,0
234,"(40.5894827, -73.9395372)",0,0,0,0
235,"(40.7640501, -73.964336)",7,0,3,3
236,"(40.7708195, -73.9595235)",3,0,0,1
237,"(40.7699425, -73.9583558)",4,0,0,1
238,"(40.7050355, -73.8241699)",0,0,0,0
239,"(40.7573479, -73.9614914)",3,1,0,2
240,"(40.5905451, -73.9910402)",0,0,0,0
241,"(40.7157399, -73.83672)",1,0,0,0
242,"(40.8796143, -73.856153)",0,0,0,0
243,"(40.6610456, -73.9019953)",0,0,0,0
244,"(40.7917785, -73.9406204)",0,0,0,0
245,"(40.6123868, -74.1511288)",0,0,0,0
246,"(40.6166867, -74.1576647)",0,0,0,0
247,"(40.7047878, -73.8344551)",0,0,0,0
248,"(40.7123992, -73.8339305)",1,0,0,0
249,"(40.6050685, -74.0969483)",0,0,0,0
250,"(40.840459, -73.8542045)",0,0,1,0
251,"(40.8189893, -73.953108)",0,0,0,0
252,"(40.8366623, -73.9239586)",0,0,0,0
253,"(40.8018548, -73.9672877)",0,0,0,0
254,"(40.8028416, -73.9670229)",0,0,0,0
255,"(40.7130136, -73.8230375)",0,0,0,0
256,"(40.756144, -73.8213672)",0,0,0,0
257,"(40.7382884, -73.9851838)",3,0,1,2
258,"(40.7779975, -73.9445342)",1,0,0,0
259,"(40.6779049, -73.733881)",0,0,0,0
260,"(40.5882505, -74.1087291)",1,0,0,0
261,"(40.6683947, -73.9762195)",1,0,0,0
262,"(40.7562792, -73.8758052)",0,0,0,0
263,"(40.6914843, -73.9676428)",1,0,0,0
264,"(40.8236857, -73.8611313)",0,0,0,0
265,"(40.6196386, -73.9707307)",0,0,0,0
266,"(40.6498755, -73.9375091)",0,0,0,0
267,"(40.8362269, -73.8612346)",1,0,0,0
268,"(40.743059, -73.880983)",1,0,0,0
269,"(40.774158, -73.7957477)",0,0,0,0
270,"(40.6949321, -73.9928542)",2,0,0,1
271,"(40.7032697, -73.9088462)",1,0,0,0
272,"(40.8244358, -73.8633737)",0,0,0,0
273,"(40.7598542, -73.9874427)",12,0,9,1
274,"(40.6820924, -73.9393924)",0,0,0,0
275,"(40.6662599, -73.9870141)",3,0,0,0
276,"(40.778004, -73.962547)",1,0,0,1
277,"(40.777244, -73.9868738)",2,0,4,0
278,"(40.7598542, -73.9874427)",12,0,9,1
279,"(40.6820924, -73.9393924)",0,0,0,0
280,"(40.6662599, -73.9870141)",3,0,0,0
281,"(40.6339124, -74.0058434)",0,0,0,0
282,"(40.6083914, -74.0100209)",0,0,0,0
283,"(40.8728082, -73.8469489)",0,0,0,0
284,"(40.6597134, -73.9195979)",0,0,0,0
285,"(40.7282899, -73.8472)",0,0,0,0
286,"(40.751918, -73.9698335)",4,0,0,1
287,"(40.7712538, -73.950858)",3,0,0,0
288,"(40.7645034, -73.9648503)",6,0,3,3
289,"(40.8539526, -73.9345678)",1,0,0,0
290,"(40.5902653, -73.9455056)",0,0,0,0
291,"(40.6360957, -73.9018295)",0,0,0,0
292,"(40.6402659, -74.110402)",0,0,0,0
293,"(40.5813374, -73.9589282)",1,0,0,0
294,"(40.5967151, -73.7696424)",0,0,0,0
295,"(40.6468871, -73.8907758)",0,0,0,0
296,"(40.7701914, -73.9590118)",4,0,0,1
297,"(40.7604194, -73.9968086)",2,0,1,0
298,"(40.7078844, -74.0140879)",6,1,1,1
299,"(40.6662035, -73.8525027)",0,0,0,0
300,"(40.7989043, -73.9604812)",0,0,1,0
301,"(40.638069, -74.1627747)",0,0,0,0
302,"(40.700194, -73.8907488)",0,0,0,0
303,"(40.7573949, -73.9606545)",3,0,0,1
304,"(40.5184841, -74.2244185)",0,0,0,0
305,"(40.6828535, -73.8769965)",0,0,0,0
306,"(40.6336127, -73.9276041)",1,0,0,0
307,"(40.5813757, -74.1131912)",0,0,0,0
308,"(40.5065922, -74.2393503)",0,0,0,0
309,"(40.6939582, -73.9943695)",2,0,0,1
310,"(40.8434062, -73.9407947)",2,0,0,0
311,"(40.7464683, -73.9872992)",11,1,0,2
312,"(40.5768936, -74.0048793)",0,0,0,0
313,"(40.611142, -74.0905357)",0,0,0,0
314,"(40.6491203, -73.9440658)",0,0,0,0
315,"(40.6471477, -73.9489423)",0,0,0,0
316,"(40.856444, -73.9377616)",0,0,0,0
317,"(40.8434062, -73.9407947)",2,0,0,0
318,"(40.6372545, -73.9002674)",0,0,0,0
319,"(40.6453011, -73.9723049)",0,0,0,0
320,"(40.5487767, -74.1629254)",0,0,0,0
321,"(40.807426, -73.9535703)",2,0,1,0
322,"(40.7190856, -73.9060914)",0,0,0,0
323,"(40.634316, -73.9462919)",2,0,0,0
324,"(40.8920958, -73.8487361)",0,0,0,0
325,"(40.7449256, -74.0057175)",0,0,0,1
326,"(40.8979269, -73.8463057)",0,0,0,0
327,"(40.7295412, -73.9913066)",3,0,7,1
328,"(40.7687538, -73.9631311)",2,0,0,0
329,"(40.7174584, -74.0038831)",7,0,3,0
330,"(40.7895034, -73.9769713)",1,1,1,1
331,"(40.7804721, -73.9871434)",1,0,0,0
332,"(40.7488879, -73.9723947)",4,0,0,1
333,"(40.8270095, -73.8766285)",0,0,0,0
334,"(40.8333931, -73.8727914)",0,0,0,0
335,"(40.8333931, -73.8727914)",0,0,0,0
336,"(40.7128326, -73.7435779)",0,0,0,0
337,"(40.6962962, -73.9720502)",0,0,0,0
338,"(40.8767388, -73.911189)",2,0,0,0
339,"(40.7708932, -73.9586258)",3,0,0,1
340,"(40.6505528, -73.8316736)",0,0,0,0
341,"(40.7798567, -73.9873973)",1,0,0,0
342,"(40.7299787, -73.7310756)",0,0,0,0
343,"(40.6153952, -74.1610855)",0,0,0,0
344,"(40.6800067, -73.9982111)",0,0,0,0
345,"(40.710456, -73.991235)",0,0,0,0
346,"(40.7607942, -73.8258766)",2,0,0,0
347,"(40.5239722, -74.2213406)",0,0,0,0
348,"(40.7294367, -73.7125595)",1,0,0,0
349,"(40.7945743, -73.9434214)",0,0,0,0
350,"(40.7019014, -73.8256776)",0,0,0,0
351,"(40.7138975, -73.8970229)",0,0,0,0
352,"(40.6165347, -74.1507186)",0,0,0,0
353,"(40.6886004, -73.7568067)",0,0,0,0
354,"(40.7895034, -73.9769713)",1,1,1,1
355,"(40.5409077, -74.1964937)",0,0,0,0
356,"(40.8131429, -73.808397)",0,0,0,0
357,"(40.8524948, -73.9151397)",0,0,0,0
358,"(40.6541622, -73.8846778)",0,0,0,0
359,"(40.6826476, -73.9434923)",0,0,0,0
360,"(40.618915, -73.931211)",0,0,0,0
361,"(40.6268305, -74.1471405)",0,0,0,0
362,"(40.6826476, -73.9434923)",0,0,0,0
363,"(40.6826476, -73.9434923)",0,0,0,0
364,"(40.7779497, -73.959448)",4,0,1,2
365,"(40.8560699, -73.8688751)",1,0,0,0
366,"(40.6162917, -73.929914)",0,0,0,0
367,"(40.8181836, -73.812739)",0,0,0,0
368,"(40.7802813, -73.7818912)",1,0,1,0
369,"(40.6149561, -74.0745548)",0,0,0,0
370,"(40.6422956, -73.972787)",0,0,0,0
371,"(40.6279352, -74.0260154)",1,0,0,0
372,"(40.6192765, -74.09515)",0,0,0,0
373,"(40.7598591, -73.7290086)",0,0,0,0
374,"(40.7000145, -73.9010076)",0,0,0,0
375,"(40.7860789, -73.7928524)",0,0,0,0
376,"(40.5675492, -74.140764)",0,0,0,0
377,"(40.6799197, -73.8839962)",0,0,0,0
378,"(40.5525576, -74.1709014)",0,0,0,0
379,"(40.879078, -73.9175196)",0,0,0,0
380,"(40.6862289, -73.9364224)",0,0,0,0
381,"(40.6862289, -73.9364224)",0,0,0,0
382,"(40.8152029, -73.8154969)",0,0,0,0
383,"(40.9048823, -73.9051113)",0,0,0,0
384,"(40.7585686, -73.9669708)",5,1,2,2
385,"(40.8549429, -73.7908303)",0,0,0,0
386,"(40.777244, -73.9868738)",2,0,3,0
387,"(40.7083799, -73.8290102)",0,0,1,0
388,"(40.606691, -74.0724094)",0,0,0,0
389,"(40.6933533, -73.7503369)",0,0,0,0
390,"(40.7276196, -73.9848906)",3,0,4,0
391,"(40.6481943, -73.8452374)",0,0,0,0
392,"(40.525422, -74.166603)",0,0,0,0
393,"(40.6780476, -73.8056181)",0,0,0,0
394,"(40.6333513, -74.1021333)",2,0,0,0
395,"(40.660323, -73.8455929)",1,0,0,0
396,"(40.6784764, -73.8476859)",0,0,0,0
397,"(40.6444117, -73.9100389)",0,0,0,0
398,"(40.5132339, -74.1959753)",0,0,0,0
399,"(40.6776809, -73.8166457)",0,0,0,0
400,"(40.7644631, -73.8297531)",1,0,0,0
401,"(40.842629, -73.8665973)",0,0,0,0
402,"(40.7827104, -73.8457691)",0,0,0,0
403,"(40.8180374, -73.9436858)",0,0,0,0
404,"(40.5343966, -74.1582874)",0,0,0,0
405,"(40.6712528, -73.9716506)",0,0,0,0
406,"(40.6685186, -73.9175924)",0,0,0,0
407,"(40.6753179, -73.9008593)",0,0,0,0
408,"(40.89582, -73.9110766)",0,0,0,0
409,"(40.7051444, -73.8030054)",0,0,1,0
410,"(40.578639, -73.965449)",1,0,0,0
411,"(40.5844107, -73.9380366)",0,0,0,0
412,"(40.6171535, -74.0890497)",0,0,0,0
413,"(40.6179636, -73.9681702)",0,0,0,0
414,"(40.6170275, -74.0893192)",0,0,0,0
415,"(40.7142299, -73.8152)",0,0,0,0
416,"(40.6511537, -73.8284146)",0,0,0,0
417,"(40.8492324, -73.8914043)",0,0,0,0
418,"(40.7185125, -73.834819)",0,0,0,0
419,"(40.759972, -73.9173868)",1,0,0,0
420,"(40.5742632, -74.086609)",0,0,0,0
421,"(40.6694978, -73.8897534)",0,0,0,0
422,"(40.6789582, -73.9203193)",0,0,0,0
423,"(40.593404, -73.775651)",0,0,0,0
424,"(40.6743408, -73.9056237)",0,0,0,0
425,"(40.8457524, -73.9059682)",0,0,0,0
426,"(40.902657, -73.901871)",0,0,0,0
427,"(40.699454, -73.924234)",0,0,0,0
428,"(40.7833319, -73.9815796)",2,0,1,2
429,"(40.7639241, -73.9190583)",1,0,0,0
430,"(40.8233271, -73.8110122)",0,0,0,0
431,"(40.6415965, -73.9105958)",0,0,0,0
432,"(40.8409818, -73.8292936)",0,0,0,0
433,"(40.5586967, -74.1351001)",0,0,0,0
434,"(40.8554764, -73.8287193)",0,0,0,0
435,"(40.6747343, -73.8239749)",0,0,0,0
436,"(40.6109595, -74.060351)",0,0,0,0
437,"(40.6012318, -74.1300175)",0,0,0,0
438,"(40.608799, -73.9128174)",0,0,0,0
439,"(40.6221107, -74.1499982)",0,0,0,0
440,"(40.5528489, -74.1699382)",0,0,0,0
441,"(40.6428139, -73.9451438)",0,0,0,0
442,"(40.6330671, -74.1659477)",0,0,0,0
443,"(40.7083753, -73.787158)",0,0,0,0
444,"(40.546573, -74.213449)",0,0,0,0
445,"(40.5956263, -73.933927)",0,0,0,0
446,"(40.6633466, -73.8542803)",0,0,0,0
447,"(40.8762047, -73.8603621)",0,0,0,0
448,"(40.784332, -73.8045713)",0,0,0,0
449,"(40.6426635, -74.1108512)",0,0,0,0
450,"(40.6316141, -74.0858954)",0,0,0,0
451,"(40.6402886, -73.9463493)",0,0,0,0
452,"(40.6198659, -74.0087151)",0,0,0,0
453,"(40.846624, -73.8520911)",0,0,0,0
454,"(40.6142391, -74.0884134)",0,0,0,0
455,"(40.8972473, -73.868898)",0,0,0,0
456,"(40.7608129, -73.8669195)",0,0,0,0
457,"(40.5704687, -73.8558742)",0,0,0,0
458,"(40.575138, -74.090531)",0,0,0,0
459,"(40.6903851, -73.9825343)",5,0,2,0
460,"(40.5505648, -74.1599018)",0,0,0,0
461,"(40.7241501, -74.0080814)",1,0,1,0
462,"(40.7323524, -73.9993358)",3,0,3,0
463,"(40.8432844, -73.7846028)",0,0,1,0
464,"(40.641648, -73.9064568)",0,0,0,0
465,"(40.6739463, -73.885344)",0,0,0,0
466,"(40.7120962, -73.8518076)",0,0,1,0
467,"(40.6099147, -73.9287144)",0,0,0,0
468,"(40.7121373, -73.8277084)",1,0,1,0
469,"(40.6411388, -73.9478417)",0,0,0,0
470,"(40.7874921, -73.7858086)",0,0,0,0
471,"(40.5849224, -74.0968781)",0,0,0,0
472,"(40.5809134, -73.8302012)",0,0,0,0
473,"(40.8528127, -73.8312235)",0,0,0,0
474,"(40.7565472, -73.7339718)",0,0,0,0
475,"(40.613911, -74.133028)",1,0,0,0
476,"(40.6542535, -73.8350556)",0,0,0,0
477,"(40.5929709, -74.0937822)",0,0,0,0
478,"(40.6422293, -74.0830445)",0,0,0,0
479,"(40.78403, -73.80579)",0,0,0,0
480,"(40.6212165, -73.9324344)",1,0,0,0
481,"(40.9007702, -73.9110778)",0,0,0,0
482,"(40.7179519, -73.8427778)",1,0,2,0
483,"(40.7169141, -73.7831551)",0,0,0,0
484,"(40.7188985, -73.8587988)",0,0,0,0
485,"(40.7278952, -73.9998294)",4,0,3,2
486,"(40.7343409, -73.859014)",1,0,0,0
487,"(40.8374911, -73.9456039)",1,0,0,0
488,"(40.8915963, -73.8989828)",1,0,0,0
489,"(40.8409736, -73.8456248)",0,0,0,0
490,"(40.6765364, -73.8351774)",1,0,0,0
491,"(40.7772579, -73.9476695)",2,0,0,0
492,"(40.5075446, -74.2461088)",0,0,0,0
493,"(40.7645123, -73.7595302)",0,0,0,0
494,"(40.5501403, -74.1810379)",0,0,0,0
495,"(40.7814599, -73.9806864)",4,0,2,2
496,"(40.5763909, -74.1631382)",1,0,0,0
497,"(40.7814599, -73.9806864)",4,0,2,2
498,"(40.5763909, -74.1631382)",1,0,0,0
499,"(40.6898026, -73.836542)",0,0,0,0
500,"(40.6275175, -74.1233766)",0,0,0,0
501,"(40.669692, -73.8003434)",0,0,0,0
502,"(40.576751, -73.8398387)",0,0,0,0
503,"(40.5853532, -73.8227113)",0,0,0,0
504,"(40.6781418, -73.9250576)",0,0,0,0
505,"(40.6479766, -73.8936697)",0,0,0,0
506,"(40.622324, -73.9695073)",0,0,0,0
507,"(40.5294592, -74.1903024)",0,0,0,0
508,"(40.7562792, -73.8758052)",0,0,0,0
509,"(40.8876529, -73.909649)",1,0,0,0
510,"(40.6733809, -73.9732475)",1,0,0,0
511,"(40.6895034, -73.8684501)",0,0,0,0
512,"(40.7092156, -73.7912209)",0,0,0,0
513,"(40.8985084, -73.902753)",0,0,0,0
514,"(40.7646585, -73.780903)",0,0,0,0
515,"(40.6095856, -73.9253159)",1,0,0,0
516,"(40.7474926, -74.0072666)",0,0,0,1
517,"(40.7386816, -73.7202723)",0,0,0,0
518,"(40.8817944, -73.8617772)",0,0,0,0
519,"(40.6479387, -74.0852701)",0,0,0,0
520,"(40.8147819, -73.8265252)",0,0,0,0
521,"(40.7084501, -73.7316272)",0,0,0,0
522,"(40.7075029, -74.011653)",10,1,1,1
523,"(40.711175, -73.957086)",1,0,1,0
524,"(40.7185648, -73.9422548)",0,0,0,0
525,"(40.6468782, -74.0136737)",0,0,0,0
526,"(40.6087059, -73.9290715)",0,0,0,0
527,"(40.624169, -74.010925)",0,0,0,0
528,"(40.5607533, -73.9207539)",0,0,0,0
529,"(40.6793322, -73.8130504)",0,0,0,0
530,"(40.6094348, -73.9777343)",0,0,0,0
531,"(40.8056419, -73.9229736)",0,0,0,0
532,"(40.5745179, -74.0068304)",0,0,0,0
533,"(40.6674344, -73.8479327)",0,0,0,0
534,"(40.8616602, -73.8421016)",0,0,0,0
535,"(40.7365353, -73.7913358)",0,0,1,0
536,"(40.7873388, -73.7794685)",0,0,0,0
537,"(40.7267837, -73.8587799)",1,0,0,0
538,"(40.7595774, -73.964779)",6,1,2,2
539,"(40.6110299, -73.8195062)",0,0,0,0
540,"(40.5756358, -73.8423199)",0,0,0,0
541,"(40.8165837, -73.8006996)",0,0,0,0
542,"(40.7928823, -73.8449212)",0,0,0,0
543,"(40.55065, -74.193355)",0,0,0,0
544,"(40.6744942, -73.8883757)",0,0,0,0
545,"(40.7202893, -73.7786927)",0,0,0,1
546,"(40.7239521, -73.8747783)",0,0,0,0
547,"(40.7564761, -73.7212008)",0,0,1,0
548,"(40.6085756, -74.1610387)",0,0,0,0
549,"(40.8938465, -73.9091368)",0,0,0,0
550,"(40.8485623, -73.8574586)",0,0,0,0
551,"(40.7489947, -73.9783819)",9,0,1,2
552,"(40.724514, -73.8458441)",2,0,2,0
553,"(40.6368544, -74.1124571)",0,0,0,0
554,"(40.7157274, -73.8563447)",0,0,0,0
555,"(40.7162732, -73.9849864)",0,0,1,0
556,"(40.7375348, -73.9872447)",5,1,2,2
557,"(40.7189686, -73.8626041)",0,0,0,0
558,"(40.7732125, -73.9564279)",5,0,0,1
559,"(40.721725, -73.8839773)",0,0,0,0
560,"(40.6798316, -73.82277)",0,0,0,0
561,"(40.6985714, -73.9881911)",0,0,0,1
562,"(40.7227469, -73.8941061)",0,0,0,0
563,"(40.7373082, -73.878333)",2,0,0,0
564,"(40.7855084, -73.7762312)",0,0,0,0
565,"(40.6621056, -73.9857576)",0,0,0,0
566,"(40.7282381, -73.7158123)",1,0,0,0
567,"(40.5395581, -74.2229079)",0,0,0,0
568,"(40.6085532, -73.998257)",1,0,0,0
569,"(40.6005525, -74.1314512)",0,0,0,0
570,"(40.5988908, -73.9334675)",0,0,0,0
571,"(40.664748, -73.884184)",0,0,0,0
572,"(40.6672674, -73.8686224)",0,0,0,0
573,"(40.8363242, -73.8654755)",1,0,0,0
574,"(40.5646314, -74.1243252)",0,0,0,0
575,"(40.8061576, -73.9550949)",1,0,1,0
576,"(40.6750114, -73.9554645)",1,0,0,0
577,"(40.702988, -73.9907803)",1,0,0,1
578,"(40.7135475, -73.895855)",0,0,0,0
579,"(40.7313539, -74.0050572)",2,0,2,1
580,"(40.6189484, -74.1071576)",0,0,0,0
581,"(40.5663057, -74.1529549)",0,0,0,0
582,"(40.6249201, -74.0404698)",0,0,0,0
583,"(40.5906586, -73.9818321)",0,0,0,0
584,"(40.7448219, -73.9944632)",9,1,2,1
585,"(40.7280894, -73.8494828)",1,0,0,0
586,"(40.5735927, -74.1200228)",0,0,0,0
587,"(40.8844018, -73.9028342)",1,0,0,0
588,"(40.7555333, -73.9016851)",0,0,0,0
589,"(40.845063, -73.783581)",0,0,1,0
590,"(40.6149237, -73.9789281)",0,0,0,0
591,"(40.7322223, -73.8588845)",1,0,0,0
592,"(40.59194, -74.1087406)",0,0,0,0
593,"(40.5499354, -74.1709931)",0,0,0,0
594,"(40.7859137, -73.7868778)",0,0,0,0
595,"(40.6601546, -73.9163716)",0,0,0,0
596,"(40.5758238, -74.1227343)",0,0,0,0
597,"(40.5598117, -74.1585168)",0,0,1,0
598,"(40.6337278, -74.0936101)",0,0,0,0
599,"(40.5987787, -73.9350489)",0,0,0,0
600,"(40.6409456, -74.0859933)",0,0,0,0
601,"(40.7699341, -73.9675072)",1,0,0,0
602,"(40.7041499, -73.83371)",0,0,0,0
603,"(40.7226099, -73.8495)",2,0,0,0
604,"(40.6795412, -73.8904428)",0,0,0,0
605,"(40.833945, -73.9432359)",0,0,0,0
606,"(40.7773521, -73.7464296)",0,0,0,0
607,"(40.7041499, -73.83371)",0,0,0,0
608,"(40.6795412, -73.8904428)",0,0,0,0
609,"(40.7773521, -73.7464296)",0,0,0,0
610,"(40.8681745, -73.8897652)",0,0,0,0
611,"(40.7312799, -73.8192399)",0,0,0,0
612,"(40.5783044, -73.9471644)",0,0,0,0
613,"(40.5790771, -73.9425262)",0,0,0,0
614,"(40.5955552, -74.1677939)",0,0,0,0
615,"(40.7121557, -73.7452804)",0,0,0,0
616,"(40.748098, -73.9824791)",6,0,1,1
617,"(40.7604194, -73.9968086)",2,0,1,0
618,"(40.6999899, -73.8539)",0,0,0,0
619,"(40.8683656, -73.8832093)",0,0,0,0
620,"(40.8640024, -73.9231918)",1,0,0,0
621,"(40.8995193, -73.8623678)",0,0,0,0
622,"(40.6115483, -74.0008656)",0,0,0,0
623,"(40.7090268, -73.8335998)",0,0,1,0
624,"(40.5784148, -74.0064631)",0,0,0,0
625,"(40.7557937, -73.9642805)",3,1,0,1
626,"(40.7266327, -74.0088321)",2,0,1,1
627,"(40.6628113, -73.8453503)",1,0,0,0
628,"(40.6265387, -74.1263932)",0,0,0,0
629,"(40.8909806, -73.8528183)",0,0,0,0
630,"(40.6649999, -73.84857)",0,0,0,0
631,"(40.7322213, -73.9986277)",2,0,4,0
632,"(40.5394128, -74.2228391)",0,0,0,0
633,"(40.6958593, -73.9925234)",2,0,0,1
634,"(40.7739766, -73.8070988)",0,0,0,0
635,"(40.7934553, -73.8471618)",0,0,0,0
636,"(40.726843, -73.85458)",1,0,0,0
637,"(40.7616461, -73.9701294)",9,1,5,3
638,"(40.713904, -73.754948)",0,0,0,0
639,"(40.7782443, -73.7706926)",0,0,0,0
640,"(40.879078, -73.9175196)",0,0,0,0
641,"(40.6365321, -74.1218622)",0,0,0,0
642,"(40.8906352, -73.853094)",0,0,0,0
643,"(40.7114417, -73.8490778)",0,0,1,0
644,"(40.5462525, -74.1481727)",0,0,0,0
645,"(40.6201406, -74.014486)",0,0,0,0
646,"(40.7248068, -73.7953763)",1,0,0,0
647,"(40.6618245, -73.890638)",0,0,0,0
648,"(40.5657552, -74.1051158)",0,0,0,0
649,"(40.6071254, -74.0925892)",0,0,0,0
650,"(40.5268622, -74.189752)",0,0,0,0
651,"(40.7363228, -74.0064402)",4,0,0,2
652,"(40.8799728, -73.9221419)",0,0,0,0
653,"(40.7473555, -73.9813841)",5,0,0,1
654,"(40.8368955, -73.9465033)",0,0,0,0
655,"(40.7770879, -73.9162687)",1,0,0,0
656,"(40.8297242, -73.8263414)",0,0,0,0
657,"(40.7512505, -73.8814433)",0,0,0,0
658,"(40.5136885, -74.2364803)",0,0,0,0
659,"(40.5757955, -74.009975)",0,0,0,0
660,"(40.6990407, -73.9929045)",1,0,0,0
661,"(40.5430335, -74.182131)",0,0,0,0
662,"(40.9049354, -73.9060897)",0,0,0,0
663,"(40.684563, -73.914482)",0,0,0,0
664,"(40.8978428, -73.8633611)",0,0,0,0
665,"(40.620076, -74.0306109)",2,0,0,0
666,"(40.7319679, -74.0043858)",2,0,2,1
667,"(40.7235651, -73.9781799)",0,0,0,0
668,"(40.7668584, -73.7375575)",0,0,0,0
669,"(40.7550154, -73.8329807)",2,0,0,0
670,"(40.5875717, -73.9712821)",0,0,0,0
671,"(40.6794706, -73.8195636)",0,0,0,0
672,"(40.6082787, -73.7495095)",0,0,0,0
673,"(40.6202645, -74.1099106)",0,0,0,0
674,"(40.7578323, -73.9624557)",3,1,0,2
675,"(40.6293682, -74.0870368)",0,0,0,0
676,"(40.629498, -74.02725)",1,0,0,0
677,"(40.7626299, -73.78916)",0,0,0,0
678,"(40.8712698, -73.9178529)",0,0,0,0
679,"(40.6797652, -73.8091668)",0,0,0,0
680,"(40.7713789, -73.9798579)",4,1,5,2
681,"(40.6626245, -73.8680207)",0,0,0,0
682,"(40.7746518, -73.81583)",0,0,0,0
683,"(40.7518706, -73.8922741)",1,0,0,0
684,"(40.718209, -73.775417)",0,0,0,0
685,"(40.677921, -73.9277691)",0,0,0,0
686,"(40.6231568, -74.0148411)",0,0,0,0
687,"(40.7259759, -73.8599803)",1,0,0,0
688,"(40.735321, -73.9941315)",3,1,4,0
689,"(40.6366099, -74.0778245)",0,0,0,0
690,"(40.5963657, -74.0997473)",0,0,0,0
691,"(40.7562931, -73.7849475)",0,0,0,0
692,"(40.6729954, -73.8373187)",1,0,0,0
693,"(40.8213094, -73.9399984)",1,0,0,0
694,"(40.6824809, -73.7279494)",0,0,0,0
695,"(40.6146692, -73.9515915)",0,0,0,0
696,"(40.6615069, -73.7581972)",0,0,0,0
697,"(40.6946313, -73.7540488)",0,0,0,0
698,"(40.549099, -74.2148258)",0,0,0,0
699,"(40.5938747, -73.9742907)",0,0,0,0
700,"(40.6660348, -73.9612418)",0,0,0,0
701,"(40.8196151, -73.9532441)",0,0,0,0
702,"(40.6846326, -73.9660028)",0,0,0,0
703,"(40.5938803, -73.9743763)",0,0,0,0
704,"(40.725937, -73.8572908)",1,0,0,0
705,"(40.7577991, -73.7159564)",0,0,1,0
706,"(40.6042803, -74.0030547)",1,0,0,0
707,"(40.7613979, -73.9746128)",10,0,4,2
708,"(40.7158932, -73.8820836)",0,0,0,0
709,"(40.7779756, -73.9551546)",6,1,1,2
710,"(40.6511946, -73.8405509)",0,0,0,0
711,"(40.6683511, -73.8757315)",0,0,0,0
712,"(40.5986261, -74.1817717)",0,0,0,0
713,"(40.8719262, -73.8423808)",0,0,0,0
714,"(40.6531909, -73.9453969)",0,0,0,0
715,"(40.7520799, -73.88188)",0,0,0,0
716,"(40.813524, -73.802218)",0,0,0,0
717,"(40.791801, -73.9665998)",1,2,0,0
718,"(40.5532787, -74.1649844)",0,0,0,0
719,"(40.5763544, -74.1099794)",0,0,0,0
720,"(40.6173476, -73.9131449)",0,0,0,0
721,"(40.5107045, -74.2389945)",0,0,0,0
722,"(40.6483188, -73.9039932)",0,0,0,0
723,"(40.7104509, -73.7982064)",0,0,0,0
724,"(40.7803566, -73.771297)",1,0,0,0
725,"(40.5771307, -73.8443159)",0,0,0,0
726,"(40.8522378, -73.8655788)",1,0,0,0
727,"(40.7563571, -73.8819905)",0,0,0,0
728,"(40.6668174, -73.8499468)",0,0,0,0
729,"(40.8901764, -73.9146261)",0,0,0,0
730,"(40.8690609, -73.835715)",1,0,0,0
731,"(40.785245, -73.8557)",0,0,0,0
732,"(40.8192151, -73.9544658)",0,0,0,0
733,"(40.6502185, -74.0063562)",0,0,0,0
734,"(40.7159669, -74.010573)",8,1,2,2
735,"(40.7158631, -73.8843791)",0,0,0,0
736,"(40.7885034, -73.8393008)",0,0,0,0
737,"(40.7253273, -73.8900898)",0,0,0,0
738,"(40.6900217, -73.945006)",0,0,0,0
739,"(40.7396171, -73.8267571)",0,0,0,0
740,"(40.726173, -73.8202303)",0,0,1,0
741,"(40.574905, -74.0036857)",0,0,0,0
742,"(40.7199582, -73.8357232)",0,0,0,0
743,"(40.6681319, -73.9948468)",1,0,0,0
744,"(40.6282935, -74.0379695)",0,0,0,0
745,"(40.6233738, -74.1599502)",0,0,0,0
746,"(40.660279, -73.978949)",0,0,1,0
747,"(40.7487647, -73.8834851)",2,0,0,0
748,"(40.9057349, -73.9111699)",0,0,0,0
749,"(40.5956171, -74.1144559)",0,0,1,0
750,"(40.8071701, -73.9668179)",1,0,0,0
751,"(40.7265287, -73.8933039)",0,0,0,0
752,"(40.7620381, -73.9808958)",13,1,3,2
753,"(40.6063017, -74.0157592)",0,0,0,0
754,"(40.6689793, -73.8476549)",0,0,0,0
755,"(40.7892182, -73.7997874)",0,0,0,0
756,"(40.565557, -74.1329192)",0,0,0,0
757,"(40.7696597, -73.962084)",4,0,0,1
758,"(40.8964834, -73.899354)",0,0,0,0
759,"(40.8768714, -73.8742644)",0,0,0,0
760,"(40.5804254, -74.1110462)",0,0,0,0
761,"(40.8802558, -73.9168342)",0,0,0,0
762,"(40.726984, -73.9769367)",0,0,0,0
763,"(40.5908557, -74.1037852)",1,0,0,0
764,"(40.8697126, -73.8565137)",0,0,0,0
765,"(40.599715, -73.995694)",0,0,0,0
766,"(40.6778227, -73.8350282)",0,0,0,0
767,"(40.8527278, -73.833506)",0,0,0,0
768,"(40.6085633, -73.7686771)",0,0,0,0
769,"(40.6168668, -74.0380928)",1,0,0,0
770,"(40.6281757, -74.1797234)",0,0,0,0
771,"(40.7068323, -74.0083798)",10,1,2,1
772,"(40.784673, -73.775263)",1,0,0,0
773,"(40.5509337, -74.1745249)",0,0,0,0
774,"(40.8778771, -73.9188767)",0,0,0,0
775,"(40.7493341, -73.8834178)",2,0,0,0
776,"(40.7361176, -74.0064866)",4,0,0,2
777,"(40.8214661, -73.9132049)",0,0,0,0
778,"(40.7291225, -73.8672746)",2,0,0,0
779,"(40.9086225, -73.9024315)",0,0,0,0
780,"(40.6189484, -74.1071576)",0,0,0,0
781,"(40.5017889, -74.2393231)",0,0,0,0
782,"(40.6134102, -73.927727)",0,0,0,0
783,"(40.6327207, -74.0236917)",1,0,1,0
784,"(40.819079, -73.944168)",1,0,0,0
785,"(40.8890266, -73.9131785)",1,0,0,0
786,"(40.7154424, -73.8098159)",0,0,0,0
787,"(40.7865407, -73.8018825)",0,0,0,0
788,"(40.6736664, -73.7504403)",0,0,0,0
789,"(40.6785308, -73.8130811)",0,0,0,0
790,"(40.5895025, -73.9579253)",1,0,0,0
791,"(40.5781324, -74.1603451)",0,0,0,0
792,"(40.78987, -73.9483335)",1,0,0,1
793,"(40.6123969, -73.9422162)",0,0,0,0
794,"(40.6845061, -73.7950299)",0,0,0,0
795,"(40.7069489, -74.0169068)",5,1,0,0
796,"(40.6938368, -73.9941354)",2,0,0,1
797,"(40.5755355, -73.9735905)",1,0,1,0
798,"(40.8224877, -73.8109803)",0,0,0,0
799,"(40.6021136, -73.9764056)",1,0,0,0
800,"(40.5382166, -74.2235176)",0,0,0,0
801,"(40.627807, -74.11527)",0,0,0,0
802,"(40.7143213, -73.85144)",0,0,0,0
803,"(40.7579132, -73.8760761)",0,0,0,0
804,"(40.8454504, -73.81776)",0,0,0,0
805,"(40.8789773, -73.916004)",0,0,0,0
806,"(40.7754585, -73.8125494)",0,0,0,0
807,"(40.8614806, -73.8513941)",0,0,0,0
808,"(40.7115099, -73.82872)",1,0,1,0
809,"(40.783465, -73.7990603)",0,0,0,0
810,"(40.8082664, -73.9550742)",2,0,1,0
811,"(40.6308436, -74.1204059)",0,0,0,0
812,"(40.7907048, -73.8110968)",1,0,0,0
813,"(40.6274951, -73.915694)",1,0,0,0
814,"(40.77172, -73.9467052)",1,0,0,0
815,"(40.6226706, -73.9327329)",1,0,0,0
816,"(40.7756208, -73.7758933)",0,0,1,0
817,"(40.633504, -74.034181)",0,0,0,0
818,"(40.6958663, -73.7450046)",0,0,0,0
819,"(40.8547724, -73.8583315)",0,0,0,0
820,"(40.5952037, -73.7634372)",0,0,0,0
821,"(40.727192, -73.883684)",1,0,0,0
822,"(40.7662222, -73.9516342)",3,0,0,0
823,"(40.8814635, -73.8671293)",0,0,0,0
824,"(40.7517899, -73.88467)",1,0,0,0
825,"(40.5853206, -73.8221893)",0,0,0,0
826,"(40.560143, -74.1854357)",0,0,0,0
827,"(40.883124, -73.9164633)",0,0,0,0
828,"(40.824234, -73.84638)",0,0,0,0
829,"(40.7662222, -73.9516342)",3,0,0,0
830,"(40.7517899, -73.88467)",1,0,0,0
831,"(40.560143, -74.1854357)",0,0,0,0
832,"(40.883124, -73.9164633)",0,0,0,0
833,"(40.6131995, -73.9019711)",0,0,0,0
834,"(40.6873745, -73.9264057)",0,0,0,0
835,"(40.5523555, -74.1450647)",0,0,0,0
836,"(40.6699378, -73.8213422)",0,0,0,0
837,"(40.5931071, -73.9753582)",0,0,0,0
838,"(40.679665, -73.8819497)",0,0,0,0
839,"(40.7452362, -73.7204545)",0,0,0,0
840,"(40.808933, -73.940052)",1,0,1,0
841,"(40.7657861, -73.9842196)",9,1,3,2
842,"(40.7462427, -73.8259167)",1,0,0,0
843,"(40.5925315, -73.9574046)",0,0,0,0
844,"(40.84296, -73.8312695)",0,0,0,0
845,"(40.6841571, -73.8820567)",0,0,0,0
846,"(40.5945187, -74.0904783)",0,0,0,0
847,"(40.5496155, -74.1391082)",0,0,0,0
848,"(40.745068, -73.949763)",1,0,0,0
849,"(40.6729621, -73.9751283)",1,0,0,0
850,"(40.7924222, -73.8260759)",0,0,0,0
851,"(40.7617289, -73.9502411)",1,0,0,0
852,"(40.6919769, -73.9967879)",2,0,0,1
853,"(40.7511899, -73.90201)",0,0,1,0
854,"(40.5527401, -74.1995549)",0,0,0,0
855,"(40.7863158, -73.9702042)",2,0,0,0
856,"(40.7135957, -73.8863491)",0,0,0,0
857,"(40.7445255, -73.7137434)",0,0,0,0
858,"(40.7317199, -73.90176)",0,0,0,0
859,"(40.6397364, -74.0186847)",0,0,0,0
860,"(40.7445255, -73.7137434)",0,0,0,0
861,"(40.5527401, -74.1995549)",0,0,0,0
862,"(40.6397364, -74.0186847)",0,0,0,0
863,"(40.8153693, -73.9384161)",0,0,0,0
864,"(40.7093093, -73.8548324)",1,0,0,0
865,"(40.7196606, -73.8507871)",1,0,0,0
866,"(40.5927382, -73.9536851)",0,0,0,0
867,"(40.5960203, -74.0673498)",0,0,0,0
868,"(40.8480712, -73.7861809)",0,0,1,0
869,"(40.8255972, -73.9529963)",1,0,0,0
870,"(40.788879, -73.9794905)",2,1,1,0
871,"(40.7848355, -73.8276854)",2,0,0,0
872,"(40.6781953, -73.9702616)",0,0,0,0
873,"(40.6820656, -73.9903833)",1,0,1,0
874,"(40.7523748, -73.7900912)",0,0,0,0
875,"(40.7420282, -73.9997276)",5,1,1,0
876,"(40.8224429, -73.8109606)",0,0,0,0
877,"(40.6529502, -73.8400922)",0,0,0,0
878,"(40.6601399, -73.9354891)",0,0,0,0
879,"(40.5582278, -74.1173549)",0,0,0,0
880,"(40.7459681, -73.7331069)",0,0,0,0
881,"(40.7564761, -73.7212008)",0,0,1,0
882,"(40.6384738, -74.1714633)",0,0,0,0
883,"(40.7758184, -73.907993)",1,0,0,0
884,"(40.7616652, -73.826414)",2,0,0,0
885,"(40.7299635, -73.7195673)",0,0,0,0
886,"(40.8685757, -73.9220436)",0,0,0,0
887,"(40.7750748, -73.9496097)",4,0,0,1
888,"(40.709894, -74.017865)",2,0,0,1
889,"(40.8285177, -73.8155198)",0,0,0,0
890,"(40.5873346, -74.1553517)",0,0,0,0
891,"(40.8665092, -73.8574012)",0,0,0,0
892,"(40.5593089, -74.1264964)",0,0,0,0
893,"(40.7255887, -73.8589005)",0,0,0,0
894,"(40.8965002, -73.8585406)",0,0,0,0
895,"(40.7255887, -73.8589005)",0,0,0,0
896,"(40.6339137, -73.9982004)",0,0,0,0
897,"(40.6126355, -73.909459)",0,0,0,0
898,"(40.8525968, -73.9352912)",1,0,0,0
899,"(40.545515, -74.156447)",0,0,0,0
900,"(40.8818819, -73.921791)",0,0,0,0
901,"(40.6487997, -74.0024232)",0,0,0,0
902,"(40.7693375, -73.7854318)",0,0,0,0
903,"(40.7019735, -73.9869044)",1,0,0,1
904,"(40.5886056, -73.9394034)",0,0,0,0
905,"(40.832149, -73.8265941)",0,0,0,0
906,"(40.7774246, -73.98562)",2,0,4,1
907,"(40.5931048, -74.0663488)",0,0,0,0
908,"(40.8315561, -73.8872273)",0,0,0,0
909,"(40.7135571, -73.7901901)",0,0,0,0
910,"(40.6255174, -73.9205183)",1,0,0,0
911,"(40.6320616, -73.9452586)",2,0,0,0
912,"(40.6903851, -73.9825343)",5,0,2,0
913,"(40.6197363, -74.0177331)",0,0,0,0
914,"(40.6963847, -73.8472713)",0,0,0,0
915,"(40.880985, -73.9102329)",0,0,0,0
916,"(40.7639092, -73.7205952)",1,0,0,0
917,"(40.7213288, -74.0092558)",2,0,2,0
918,"(40.7329998, -73.8824499)",0,0,0,0
919,"(40.7635661, -73.9941366)",1,0,0,0
920,"(40.5991039, -74.067279)",0,0,0,0
921,"(40.6722614, -73.9816141)",1,0,0,0
922,"(40.7782059, -73.9790314)",4,0,5,3
923,"(40.7824047, -73.979261)",3,0,3,2
924,"(40.8392843, -73.8243081)",0,0,0,0
925,"(40.7494508, -73.8284569)",1,0,0,0
926,"(40.6398093, -73.9109383)",0,0,0,0
927,"(40.714999, -73.878128)",0,0,0,0
928,"(40.5168606, -74.2375349)",0,0,0,0
929,"(40.6186409, -73.9389327)",0,0,0,0
930,"(40.7759205, -73.9861034)",4,0,5,1
931,"(40.5800127, -74.1614787)",1,0,1,0
932,"(40.7125699, -73.79318)",0,0,0,0
933,"(40.7223906, -74.0075502)",3,0,2,0
934,"(40.8526383, -73.8850533)",0,0,0,0
935,"(40.7192373, -73.846265)",2,0,2,0
936,"(40.6215159, -73.9961566)",0,0,0,0
937,"(40.6946299, -73.8051802)",0,0,0,0
938,"(40.7359218, -73.9035224)",0,0,0,0
939,"(40.7449246, -73.9836051)",9,1,0,2
940,"(40.5884822, -74.0735337)",0,0,0,0
941,"(40.6994276, -73.8518226)",0,0,0,0
942,"(40.7345979, -74.0029107)",2,0,1,2
943,"(40.5768871, -73.9542132)",0,0,0,0
944,"(40.6141485, -74.1643422)",0,0,0,0
945,"(40.6314389, -74.0378384)",0,0,0,0
946,"(40.618804, -74.012196)",0,0,0,0
947,"(40.780245, -73.9827963)",3,0,1,2
948,"(40.7535399, -73.8868899)",1,0,0,0
949,"(40.7615546, -73.9923686)",4,0,3,0
950,"(40.7895034, -73.9769713)",1,1,1,1
951,"(40.7110987, -73.741186)",0,0,0,0
952,"(40.5308796, -74.1913113)",0,0,0,0
953,"(40.8061399, -73.8579944)",0,0,0,0
954,"(40.5862693, -73.9407123)",0,0,0,0
955,"(40.5957485, -73.9862201)",0,0,0,0
956,"(40.8505252, -73.856443)",0,0,0,0
957,"(40.8534458, -73.8484651)",1,0,0,0
958,"(40.8797408, -73.9204193)",0,0,0,0
959,"(40.7493551, -73.9158547)",0,0,0,0
960,"(40.62481, -73.9539607)",0,0,0,0
961,"(40.5721728, -74.0972787)",0,0,0,0
962,"(40.8995193, -73.8623678)",0,0,0,0
963,"(40.6158816, -74.0822185)",0,0,0,0
964,"(40.611841, -73.92961)",0,0,0,0
965,"(40.6119254, -74.0084031)",0,0,0,0
966,"(40.5883339, -73.7934039)",0,0,0,0
967,"(40.6068092, -73.9590334)",1,0,0,0
968,"(40.8819467, -73.9200169)",0,0,0,0
969,"(40.6087694, -74.0597773)",0,0,0,0
970,"(40.8580056, -73.8365535)",0,0,0,0
971,"(40.729293, -74.003447)",4,0,2,1
972,"(40.6087694, -74.0597773)",0,0,0,0
973,"(40.5119454, -74.2470716)",0,0,0,0
974,"(40.8580056, -73.8365535)",0,0,0,0
975,"(40.9016185, -73.8999396)",0,0,0,0
976,"(40.7967438, -73.8160751)",0,0,0,0
977,"(40.7921116, -73.9731768)",2,1,0,1
978,"(40.6373525, -73.9344092)",0,0,0,0
979,"(40.7613979, -73.9746128)",10,0,4,2
980,"(40.6289462, -74.1388487)",0,0,0,0
981,"(40.6111849, -74.0753235)",0,0,0,0
982,"(40.6199521, -74.1237895)",0,0,0,0
983,"(40.6117545, -74.0323281)",0,0,0,0
984,"(40.586018, -73.9252126)",0,0,1,0
985,"(40.71593, -73.8858453)",0,0,0,0
986,"(40.854862, -73.7906694)",0,0,0,0
987,"(40.6169213, -73.9415274)",0,0,0,0
988,"(40.8513854, -73.854324)",0,0,0,0
989,"(40.617019, -73.9878352)",1,0,0,0
990,"(40.7675169, -73.7439734)",0,0,0,0
991,"(40.8453955, -73.868163)",0,0,0,0
992,"(40.6711016, -73.9473427)",0,0,0,0
993,"(40.7866659, -73.974142)",4,1,1,0
994,"(40.7069299, -73.82404)",0,0,0,0
995,"(40.5782884, -74.1583011)",0,0,0,0
996,"(40.7236159, -73.9781735)",0,0,0,0
997,"(40.7577991, -73.7159564)",0,0,1,0
998,"(40.7111134, -73.7361784)",0,0,0,0
999,"(40.7323502, -73.8611654)",3,0,0,0
